ISO-10303-21;
HEADER;
/* Generated by software containing ST-Developer
 * from STEP Tools, Inc. (www.steptools.com) 
 */
/* OPTION: using custom renumber hook */

FILE_DESCRIPTION(
/* description */ ('STEP AP242',
'CAx-IF Rec.Pracs.---Representation and Presentation of Product Manufa
cturing Information (PMI)---4.0---2014-10-13',
'CAx-IF Rec.Pracs.---3D Tessellated Geometry---0.4---2014-09-14','2;1',
'CAx-IF Rec.Pracs.---User Defined Attributes---1.5---2016-08-15'),
/* implementation_level */ '2;1');

FILE_NAME(
/* name */ '6906eae444e19dc3717aefec',
/* time_stamp */ '2025-11-02T05:23:49Z',
/* author */ (''),
/* organization */ (''),
/* preprocessor_version */ 'ST-DEVELOPER v20',
/* originating_system */ 'ONSHAPE BY PTC INC, 1.206',
/* authorisation */ '  ');

FILE_SCHEMA (('AP242_MANAGED_MODEL_BASED_3D_ENGINEERING_MIM_LF { 1 0 10303 442 1 1 4 }'));
ENDSEC;

DATA;
#10=SHAPE_REPRESENTATION_RELATIONSHIP('','',#2625,#11);
#11=ADVANCED_BREP_SHAPE_REPRESENTATION('',(#2623),#4457);
#12=PLANE('',#2630);
#13=PLANE('',#2637);
#14=PLANE('',#2644);
#15=PLANE('',#2648);
#16=PLANE('',#2652);
#17=PLANE('',#2656);
#18=PLANE('',#2660);
#19=PLANE('',#2667);
#20=PLANE('',#2671);
#21=PLANE('',#2678);
#22=PLANE('',#2682);
#23=PLANE('',#2686);
#24=PLANE('',#2690);
#25=PLANE('',#2694);
#26=PLANE('',#2698);
#27=PLANE('',#2702);
#28=PLANE('',#2706);
#29=PLANE('',#2710);
#30=PLANE('',#2714);
#31=PLANE('',#2718);
#32=PLANE('',#2722);
#33=PLANE('',#2726);
#34=PLANE('',#2733);
#35=PLANE('',#2737);
#36=PLANE('',#2744);
#37=PLANE('',#2748);
#38=PLANE('',#2752);
#39=PLANE('',#2762);
#40=PLANE('',#2766);
#41=PLANE('',#2767);
#42=PLANE('',#2771);
#43=PLANE('',#2772);
#44=PLANE('',#2776);
#45=PLANE('',#2777);
#46=PLANE('',#2778);
#47=PLANE('',#2941);
#48=PLANE('',#2942);
#49=PLANE('',#2943);
#50=LINE('',#3735,#200);
#51=LINE('',#3739,#201);
#52=LINE('',#3741,#202);
#53=LINE('',#3743,#203);
#54=LINE('',#3745,#204);
#55=LINE('',#3749,#205);
#56=LINE('',#3756,#206);
#57=LINE('',#3760,#207);
#58=LINE('',#3762,#208);
#59=LINE('',#3764,#209);
#60=LINE('',#3766,#210);
#61=LINE('',#3770,#211);
#62=LINE('',#3777,#212);
#63=LINE('',#3781,#213);
#64=LINE('',#3783,#214);
#65=LINE('',#3785,#215);
#66=LINE('',#3787,#216);
#67=LINE('',#3791,#217);
#68=LINE('',#3795,#218);
#69=LINE('',#3797,#219);
#70=LINE('',#3799,#220);
#71=LINE('',#3803,#221);
#72=LINE('',#3807,#222);
#73=LINE('',#3809,#223);
#74=LINE('',#3811,#224);
#75=LINE('',#3815,#225);
#76=LINE('',#3819,#226);
#77=LINE('',#3821,#227);
#78=LINE('',#3823,#228);
#79=LINE('',#3827,#229);
#80=LINE('',#3831,#230);
#81=LINE('',#3833,#231);
#82=LINE('',#3835,#232);
#83=LINE('',#3839,#233);
#84=LINE('',#3845,#234);
#85=LINE('',#3849,#235);
#86=LINE('',#3851,#236);
#87=LINE('',#3853,#237);
#88=LINE('',#3857,#238);
#89=LINE('',#3861,#239);
#90=LINE('',#3863,#240);
#91=LINE('',#3865,#241);
#92=LINE('',#3869,#242);
#93=LINE('',#3875,#243);
#94=LINE('',#3879,#244);
#95=LINE('',#3881,#245);
#96=LINE('',#3883,#246);
#97=LINE('',#3887,#247);
#98=LINE('',#3891,#248);
#99=LINE('',#3893,#249);
#100=LINE('',#3895,#250);
#101=LINE('',#3899,#251);
#102=LINE('',#3903,#252);
#103=LINE('',#3905,#253);
#104=LINE('',#3907,#254);
#105=LINE('',#3911,#255);
#106=LINE('',#3915,#256);
#107=LINE('',#3917,#257);
#108=LINE('',#3919,#258);
#109=LINE('',#3923,#259);
#110=LINE('',#3927,#260);
#111=LINE('',#3929,#261);
#112=LINE('',#3931,#262);
#113=LINE('',#3935,#263);
#114=LINE('',#3939,#264);
#115=LINE('',#3941,#265);
#116=LINE('',#3943,#266);
#117=LINE('',#3947,#267);
#118=LINE('',#3951,#268);
#119=LINE('',#3953,#269);
#120=LINE('',#3955,#270);
#121=LINE('',#3959,#271);
#122=LINE('',#3963,#272);
#123=LINE('',#3965,#273);
#124=LINE('',#3967,#274);
#125=LINE('',#3971,#275);
#126=LINE('',#3975,#276);
#127=LINE('',#3977,#277);
#128=LINE('',#3979,#278);
#129=LINE('',#3983,#279);
#130=LINE('',#3987,#280);
#131=LINE('',#3989,#281);
#132=LINE('',#3991,#282);
#133=LINE('',#3995,#283);
#134=LINE('',#3999,#284);
#135=LINE('',#4001,#285);
#136=LINE('',#4003,#286);
#137=LINE('',#4007,#287);
#138=LINE('',#4011,#288);
#139=LINE('',#4013,#289);
#140=LINE('',#4015,#290);
#141=LINE('',#4019,#291);
#142=LINE('',#4023,#292);
#143=LINE('',#4025,#293);
#144=LINE('',#4027,#294);
#145=LINE('',#4031,#295);
#146=LINE('',#4037,#296);
#147=LINE('',#4041,#297);
#148=LINE('',#4043,#298);
#149=LINE('',#4045,#299);
#150=LINE('',#4049,#300);
#151=LINE('',#4053,#301);
#152=LINE('',#4055,#302);
#153=LINE('',#4057,#303);
#154=LINE('',#4061,#304);
#155=LINE('',#4067,#305);
#156=LINE('',#4071,#306);
#157=LINE('',#4073,#307);
#158=LINE('',#4075,#308);
#159=LINE('',#4079,#309);
#160=LINE('',#4083,#310);
#161=LINE('',#4085,#311);
#162=LINE('',#4087,#312);
#163=LINE('',#4091,#313);
#164=LINE('',#4095,#314);
#165=LINE('',#4097,#315);
#166=LINE('',#4099,#316);
#167=LINE('',#4103,#317);
#168=LINE('',#4110,#318);
#169=LINE('',#4114,#319);
#170=LINE('',#4118,#320);
#171=LINE('',#4122,#321);
#172=LINE('',#4124,#322);
#173=LINE('',#4126,#323);
#174=LINE('',#4130,#324);
#175=LINE('',#4134,#325);
#176=LINE('',#4136,#326);
#177=LINE('',#4138,#327);
#178=LINE('',#4140,#328);
#179=LINE('',#4143,#329);
#180=LINE('',#4145,#330);
#181=LINE('',#4147,#331);
#182=LINE('',#4151,#332);
#183=LINE('',#4155,#333);
#184=LINE('',#4157,#334);
#185=LINE('',#4159,#335);
#186=LINE('',#4161,#336);
#187=LINE('',#4164,#337);
#188=LINE('',#4166,#338);
#189=LINE('',#4168,#339);
#190=LINE('',#4172,#340);
#191=LINE('',#4176,#341);
#192=LINE('',#4178,#342);
#193=LINE('',#4180,#343);
#194=LINE('',#4182,#344);
#195=LINE('',#4183,#345);
#196=LINE('',#4185,#346);
#197=LINE('',#4186,#347);
#198=LINE('',#4452,#348);
#199=LINE('',#4453,#349);
#200=VECTOR('',#2950,1.);
#201=VECTOR('',#2953,1.);
#202=VECTOR('',#2956,1.);
#203=VECTOR('',#2957,1.);
#204=VECTOR('',#2958,1.);
#205=VECTOR('',#2963,1.);
#206=VECTOR('',#2970,1.);
#207=VECTOR('',#2973,1.);
#208=VECTOR('',#2976,1.);
#209=VECTOR('',#2977,1.);
#210=VECTOR('',#2978,1.);
#211=VECTOR('',#2983,1.);
#212=VECTOR('',#2990,1.);
#213=VECTOR('',#2993,1.);
#214=VECTOR('',#2996,1.);
#215=VECTOR('',#2997,1.);
#216=VECTOR('',#2998,1.);
#217=VECTOR('',#3003,1.);
#218=VECTOR('',#3008,1.);
#219=VECTOR('',#3009,1.);
#220=VECTOR('',#3010,1.);
#221=VECTOR('',#3015,1.);
#222=VECTOR('',#3020,1.);
#223=VECTOR('',#3021,1.);
#224=VECTOR('',#3022,1.);
#225=VECTOR('',#3027,1.);
#226=VECTOR('',#3032,1.);
#227=VECTOR('',#3033,1.);
#228=VECTOR('',#3034,1.);
#229=VECTOR('',#3039,1.);
#230=VECTOR('',#3044,1.);
#231=VECTOR('',#3045,1.);
#232=VECTOR('',#3046,1.);
#233=VECTOR('',#3051,1.);
#234=VECTOR('',#3058,1.);
#235=VECTOR('',#3063,1.);
#236=VECTOR('',#3064,1.);
#237=VECTOR('',#3065,1.);
#238=VECTOR('',#3070,1.);
#239=VECTOR('',#3075,1.);
#240=VECTOR('',#3076,1.);
#241=VECTOR('',#3077,1.);
#242=VECTOR('',#3082,1.);
#243=VECTOR('',#3089,1.);
#244=VECTOR('',#3094,1.);
#245=VECTOR('',#3095,1.);
#246=VECTOR('',#3096,1.);
#247=VECTOR('',#3101,1.);
#248=VECTOR('',#3106,1.);
#249=VECTOR('',#3107,1.);
#250=VECTOR('',#3108,1.);
#251=VECTOR('',#3113,1.);
#252=VECTOR('',#3118,1.);
#253=VECTOR('',#3119,1.);
#254=VECTOR('',#3120,1.);
#255=VECTOR('',#3125,1.);
#256=VECTOR('',#3130,1.);
#257=VECTOR('',#3131,1.);
#258=VECTOR('',#3132,1.);
#259=VECTOR('',#3137,1.);
#260=VECTOR('',#3142,1.);
#261=VECTOR('',#3143,1.);
#262=VECTOR('',#3144,1.);
#263=VECTOR('',#3149,1.);
#264=VECTOR('',#3154,1.);
#265=VECTOR('',#3155,1.);
#266=VECTOR('',#3156,1.);
#267=VECTOR('',#3161,1.);
#268=VECTOR('',#3166,1.);
#269=VECTOR('',#3167,1.);
#270=VECTOR('',#3168,1.);
#271=VECTOR('',#3173,1.);
#272=VECTOR('',#3178,1.);
#273=VECTOR('',#3179,1.);
#274=VECTOR('',#3180,1.);
#275=VECTOR('',#3185,1.);
#276=VECTOR('',#3190,1.);
#277=VECTOR('',#3191,1.);
#278=VECTOR('',#3192,1.);
#279=VECTOR('',#3197,1.);
#280=VECTOR('',#3202,1.);
#281=VECTOR('',#3203,1.);
#282=VECTOR('',#3204,1.);
#283=VECTOR('',#3209,1.);
#284=VECTOR('',#3214,1.);
#285=VECTOR('',#3215,1.);
#286=VECTOR('',#3216,1.);
#287=VECTOR('',#3221,1.);
#288=VECTOR('',#3226,1.);
#289=VECTOR('',#3227,1.);
#290=VECTOR('',#3228,1.);
#291=VECTOR('',#3233,1.);
#292=VECTOR('',#3238,1.);
#293=VECTOR('',#3239,1.);
#294=VECTOR('',#3240,1.);
#295=VECTOR('',#3245,1.);
#296=VECTOR('',#3252,1.);
#297=VECTOR('',#3257,1.);
#298=VECTOR('',#3258,1.);
#299=VECTOR('',#3259,1.);
#300=VECTOR('',#3264,1.);
#301=VECTOR('',#3269,1.);
#302=VECTOR('',#3270,1.);
#303=VECTOR('',#3271,1.);
#304=VECTOR('',#3276,1.);
#305=VECTOR('',#3283,1.);
#306=VECTOR('',#3288,1.);
#307=VECTOR('',#3289,1.);
#308=VECTOR('',#3290,1.);
#309=VECTOR('',#3295,1.);
#310=VECTOR('',#3300,1.);
#311=VECTOR('',#3301,1.);
#312=VECTOR('',#3302,1.);
#313=VECTOR('',#3307,1.);
#314=VECTOR('',#3312,1.);
#315=VECTOR('',#3313,1.);
#316=VECTOR('',#3314,1.);
#317=VECTOR('',#3319,1.);
#318=VECTOR('',#3326,1.);
#319=VECTOR('',#3329,1.);
#320=VECTOR('',#3334,1.);
#321=VECTOR('',#3339,1.);
#322=VECTOR('',#3340,1.);
#323=VECTOR('',#3341,1.);
#324=VECTOR('',#3346,1.);
#325=VECTOR('',#3351,1.);
#326=VECTOR('',#3352,1.);
#327=VECTOR('',#3353,1.);
#328=VECTOR('',#3356,1.);
#329=VECTOR('',#3357,1.);
#330=VECTOR('',#3358,1.);
#331=VECTOR('',#3359,1.);
#332=VECTOR('',#3364,1.);
#333=VECTOR('',#3369,1.);
#334=VECTOR('',#3370,1.);
#335=VECTOR('',#3371,1.);
#336=VECTOR('',#3374,1.);
#337=VECTOR('',#3375,1.);
#338=VECTOR('',#3376,1.);
#339=VECTOR('',#3377,1.);
#340=VECTOR('',#3382,1.);
#341=VECTOR('',#3387,1.);
#342=VECTOR('',#3388,1.);
#343=VECTOR('',#3389,1.);
#344=VECTOR('',#3392,1.);
#345=VECTOR('',#3393,1.);
#346=VECTOR('',#3396,1.);
#347=VECTOR('',#3397,1.);
#348=VECTOR('',#3724,1.);
#349=VECTOR('',#3725,1.);
#350=ORIENTED_EDGE('',*,*,#1022,.F.);
#351=ORIENTED_EDGE('',*,*,#1023,.F.);
#352=ORIENTED_EDGE('',*,*,#1024,.T.);
#353=ORIENTED_EDGE('',*,*,#1025,.T.);
#354=ORIENTED_EDGE('',*,*,#1026,.T.);
#355=ORIENTED_EDGE('',*,*,#1027,.F.);
#356=ORIENTED_EDGE('',*,*,#1028,.F.);
#357=ORIENTED_EDGE('',*,*,#1023,.T.);
#358=ORIENTED_EDGE('',*,*,#1029,.F.);
#359=ORIENTED_EDGE('',*,*,#1030,.F.);
#360=ORIENTED_EDGE('',*,*,#1031,.T.);
#361=ORIENTED_EDGE('',*,*,#1027,.T.);
#362=ORIENTED_EDGE('',*,*,#1032,.F.);
#363=ORIENTED_EDGE('',*,*,#1033,.F.);
#364=ORIENTED_EDGE('',*,*,#1034,.T.);
#365=ORIENTED_EDGE('',*,*,#1035,.T.);
#366=ORIENTED_EDGE('',*,*,#1036,.T.);
#367=ORIENTED_EDGE('',*,*,#1037,.F.);
#368=ORIENTED_EDGE('',*,*,#1038,.F.);
#369=ORIENTED_EDGE('',*,*,#1033,.T.);
#370=ORIENTED_EDGE('',*,*,#1039,.F.);
#371=ORIENTED_EDGE('',*,*,#1040,.F.);
#372=ORIENTED_EDGE('',*,*,#1041,.T.);
#373=ORIENTED_EDGE('',*,*,#1037,.T.);
#374=ORIENTED_EDGE('',*,*,#1042,.T.);
#375=ORIENTED_EDGE('',*,*,#1043,.F.);
#376=ORIENTED_EDGE('',*,*,#1044,.F.);
#377=ORIENTED_EDGE('',*,*,#1045,.T.);
#378=ORIENTED_EDGE('',*,*,#1046,.T.);
#379=ORIENTED_EDGE('',*,*,#1047,.F.);
#380=ORIENTED_EDGE('',*,*,#1048,.F.);
#381=ORIENTED_EDGE('',*,*,#1043,.T.);
#382=ORIENTED_EDGE('',*,*,#1049,.T.);
#383=ORIENTED_EDGE('',*,*,#1050,.F.);
#384=ORIENTED_EDGE('',*,*,#1051,.F.);
#385=ORIENTED_EDGE('',*,*,#1047,.T.);
#386=ORIENTED_EDGE('',*,*,#1052,.T.);
#387=ORIENTED_EDGE('',*,*,#1053,.F.);
#388=ORIENTED_EDGE('',*,*,#1054,.F.);
#389=ORIENTED_EDGE('',*,*,#1050,.T.);
#390=ORIENTED_EDGE('',*,*,#1055,.F.);
#391=ORIENTED_EDGE('',*,*,#1056,.F.);
#392=ORIENTED_EDGE('',*,*,#1057,.T.);
#393=ORIENTED_EDGE('',*,*,#1053,.T.);
#394=ORIENTED_EDGE('',*,*,#1058,.F.);
#395=ORIENTED_EDGE('',*,*,#1059,.F.);
#396=ORIENTED_EDGE('',*,*,#1060,.T.);
#397=ORIENTED_EDGE('',*,*,#1056,.T.);
#398=ORIENTED_EDGE('',*,*,#1061,.T.);
#399=ORIENTED_EDGE('',*,*,#1062,.F.);
#400=ORIENTED_EDGE('',*,*,#1063,.F.);
#401=ORIENTED_EDGE('',*,*,#1059,.T.);
#402=ORIENTED_EDGE('',*,*,#1064,.T.);
#403=ORIENTED_EDGE('',*,*,#1065,.F.);
#404=ORIENTED_EDGE('',*,*,#1066,.F.);
#405=ORIENTED_EDGE('',*,*,#1062,.T.);
#406=ORIENTED_EDGE('',*,*,#1067,.T.);
#407=ORIENTED_EDGE('',*,*,#1068,.F.);
#408=ORIENTED_EDGE('',*,*,#1069,.F.);
#409=ORIENTED_EDGE('',*,*,#1065,.T.);
#410=ORIENTED_EDGE('',*,*,#1070,.F.);
#411=ORIENTED_EDGE('',*,*,#1071,.F.);
#412=ORIENTED_EDGE('',*,*,#1072,.T.);
#413=ORIENTED_EDGE('',*,*,#1068,.T.);
#414=ORIENTED_EDGE('',*,*,#1073,.T.);
#415=ORIENTED_EDGE('',*,*,#1074,.F.);
#416=ORIENTED_EDGE('',*,*,#1075,.F.);
#417=ORIENTED_EDGE('',*,*,#1071,.T.);
#418=ORIENTED_EDGE('',*,*,#1076,.F.);
#419=ORIENTED_EDGE('',*,*,#1077,.F.);
#420=ORIENTED_EDGE('',*,*,#1078,.T.);
#421=ORIENTED_EDGE('',*,*,#1074,.T.);
#422=ORIENTED_EDGE('',*,*,#1079,.T.);
#423=ORIENTED_EDGE('',*,*,#1080,.F.);
#424=ORIENTED_EDGE('',*,*,#1081,.F.);
#425=ORIENTED_EDGE('',*,*,#1077,.T.);
#426=ORIENTED_EDGE('',*,*,#1082,.F.);
#427=ORIENTED_EDGE('',*,*,#1083,.F.);
#428=ORIENTED_EDGE('',*,*,#1084,.T.);
#429=ORIENTED_EDGE('',*,*,#1080,.T.);
#430=ORIENTED_EDGE('',*,*,#1085,.F.);
#431=ORIENTED_EDGE('',*,*,#1086,.F.);
#432=ORIENTED_EDGE('',*,*,#1087,.T.);
#433=ORIENTED_EDGE('',*,*,#1083,.T.);
#434=ORIENTED_EDGE('',*,*,#1088,.F.);
#435=ORIENTED_EDGE('',*,*,#1089,.F.);
#436=ORIENTED_EDGE('',*,*,#1090,.T.);
#437=ORIENTED_EDGE('',*,*,#1086,.T.);
#438=ORIENTED_EDGE('',*,*,#1091,.T.);
#439=ORIENTED_EDGE('',*,*,#1092,.F.);
#440=ORIENTED_EDGE('',*,*,#1093,.F.);
#441=ORIENTED_EDGE('',*,*,#1089,.T.);
#442=ORIENTED_EDGE('',*,*,#1094,.T.);
#443=ORIENTED_EDGE('',*,*,#1095,.F.);
#444=ORIENTED_EDGE('',*,*,#1096,.F.);
#445=ORIENTED_EDGE('',*,*,#1092,.T.);
#446=ORIENTED_EDGE('',*,*,#1097,.T.);
#447=ORIENTED_EDGE('',*,*,#1098,.F.);
#448=ORIENTED_EDGE('',*,*,#1099,.F.);
#449=ORIENTED_EDGE('',*,*,#1095,.T.);
#450=ORIENTED_EDGE('',*,*,#1100,.T.);
#451=ORIENTED_EDGE('',*,*,#1101,.F.);
#452=ORIENTED_EDGE('',*,*,#1102,.F.);
#453=ORIENTED_EDGE('',*,*,#1098,.T.);
#454=ORIENTED_EDGE('',*,*,#1103,.T.);
#455=ORIENTED_EDGE('',*,*,#1104,.F.);
#456=ORIENTED_EDGE('',*,*,#1105,.F.);
#457=ORIENTED_EDGE('',*,*,#1101,.T.);
#458=ORIENTED_EDGE('',*,*,#1106,.T.);
#459=ORIENTED_EDGE('',*,*,#1107,.F.);
#460=ORIENTED_EDGE('',*,*,#1108,.F.);
#461=ORIENTED_EDGE('',*,*,#1104,.T.);
#462=ORIENTED_EDGE('',*,*,#1109,.F.);
#463=ORIENTED_EDGE('',*,*,#1110,.F.);
#464=ORIENTED_EDGE('',*,*,#1111,.T.);
#465=ORIENTED_EDGE('',*,*,#1107,.T.);
#466=ORIENTED_EDGE('',*,*,#1112,.F.);
#467=ORIENTED_EDGE('',*,*,#1113,.F.);
#468=ORIENTED_EDGE('',*,*,#1114,.T.);
#469=ORIENTED_EDGE('',*,*,#1110,.T.);
#470=ORIENTED_EDGE('',*,*,#1115,.T.);
#471=ORIENTED_EDGE('',*,*,#1116,.F.);
#472=ORIENTED_EDGE('',*,*,#1117,.F.);
#473=ORIENTED_EDGE('',*,*,#1113,.T.);
#474=ORIENTED_EDGE('',*,*,#1118,.T.);
#475=ORIENTED_EDGE('',*,*,#1119,.F.);
#476=ORIENTED_EDGE('',*,*,#1120,.F.);
#477=ORIENTED_EDGE('',*,*,#1116,.T.);
#478=ORIENTED_EDGE('',*,*,#1121,.T.);
#479=ORIENTED_EDGE('',*,*,#1122,.F.);
#480=ORIENTED_EDGE('',*,*,#1123,.F.);
#481=ORIENTED_EDGE('',*,*,#1119,.T.);
#482=ORIENTED_EDGE('',*,*,#1124,.T.);
#483=ORIENTED_EDGE('',*,*,#1125,.F.);
#484=ORIENTED_EDGE('',*,*,#1126,.F.);
#485=ORIENTED_EDGE('',*,*,#1122,.T.);
#486=ORIENTED_EDGE('',*,*,#1127,.T.);
#487=ORIENTED_EDGE('',*,*,#1128,.F.);
#488=ORIENTED_EDGE('',*,*,#1129,.F.);
#489=ORIENTED_EDGE('',*,*,#1125,.T.);
#490=ORIENTED_EDGE('',*,*,#1130,.F.);
#491=ORIENTED_EDGE('',*,*,#1131,.F.);
#492=ORIENTED_EDGE('',*,*,#1132,.T.);
#493=ORIENTED_EDGE('',*,*,#1128,.T.);
#494=ORIENTED_EDGE('',*,*,#1133,.T.);
#495=ORIENTED_EDGE('',*,*,#1134,.F.);
#496=ORIENTED_EDGE('',*,*,#1135,.F.);
#497=ORIENTED_EDGE('',*,*,#1131,.T.);
#498=ORIENTED_EDGE('',*,*,#1136,.T.);
#499=ORIENTED_EDGE('',*,*,#1137,.F.);
#500=ORIENTED_EDGE('',*,*,#1138,.F.);
#501=ORIENTED_EDGE('',*,*,#1134,.T.);
#502=ORIENTED_EDGE('',*,*,#1139,.T.);
#503=ORIENTED_EDGE('',*,*,#1140,.F.);
#504=ORIENTED_EDGE('',*,*,#1141,.F.);
#505=ORIENTED_EDGE('',*,*,#1137,.T.);
#506=ORIENTED_EDGE('',*,*,#1142,.F.);
#507=ORIENTED_EDGE('',*,*,#1143,.F.);
#508=ORIENTED_EDGE('',*,*,#1144,.T.);
#509=ORIENTED_EDGE('',*,*,#1140,.T.);
#510=ORIENTED_EDGE('',*,*,#1145,.T.);
#511=ORIENTED_EDGE('',*,*,#1146,.F.);
#512=ORIENTED_EDGE('',*,*,#1147,.F.);
#513=ORIENTED_EDGE('',*,*,#1143,.T.);
#514=ORIENTED_EDGE('',*,*,#1148,.T.);
#515=ORIENTED_EDGE('',*,*,#1149,.F.);
#516=ORIENTED_EDGE('',*,*,#1150,.F.);
#517=ORIENTED_EDGE('',*,*,#1146,.T.);
#518=ORIENTED_EDGE('',*,*,#1151,.F.);
#519=ORIENTED_EDGE('',*,*,#1152,.F.);
#520=ORIENTED_EDGE('',*,*,#1153,.T.);
#521=ORIENTED_EDGE('',*,*,#1149,.T.);
#522=ORIENTED_EDGE('',*,*,#1154,.F.);
#523=ORIENTED_EDGE('',*,*,#1155,.F.);
#524=ORIENTED_EDGE('',*,*,#1156,.T.);
#525=ORIENTED_EDGE('',*,*,#1152,.T.);
#526=ORIENTED_EDGE('',*,*,#1157,.T.);
#527=ORIENTED_EDGE('',*,*,#1158,.F.);
#528=ORIENTED_EDGE('',*,*,#1159,.F.);
#529=ORIENTED_EDGE('',*,*,#1155,.T.);
#530=ORIENTED_EDGE('',*,*,#1160,.F.);
#531=ORIENTED_EDGE('',*,*,#1161,.F.);
#532=ORIENTED_EDGE('',*,*,#1162,.T.);
#533=ORIENTED_EDGE('',*,*,#1158,.T.);
#534=ORIENTED_EDGE('',*,*,#1163,.T.);
#535=ORIENTED_EDGE('',*,*,#1164,.F.);
#536=ORIENTED_EDGE('',*,*,#1165,.F.);
#537=ORIENTED_EDGE('',*,*,#1161,.T.);
#538=ORIENTED_EDGE('',*,*,#1166,.F.);
#539=ORIENTED_EDGE('',*,*,#1167,.F.);
#540=ORIENTED_EDGE('',*,*,#1168,.T.);
#541=ORIENTED_EDGE('',*,*,#1164,.T.);
#542=ORIENTED_EDGE('',*,*,#1169,.T.);
#543=ORIENTED_EDGE('',*,*,#1170,.F.);
#544=ORIENTED_EDGE('',*,*,#1171,.F.);
#545=ORIENTED_EDGE('',*,*,#1167,.T.);
#546=ORIENTED_EDGE('',*,*,#1172,.F.);
#547=ORIENTED_EDGE('',*,*,#1173,.F.);
#548=ORIENTED_EDGE('',*,*,#1174,.T.);
#549=ORIENTED_EDGE('',*,*,#1170,.T.);
#550=ORIENTED_EDGE('',*,*,#1175,.T.);
#551=ORIENTED_EDGE('',*,*,#1176,.F.);
#552=ORIENTED_EDGE('',*,*,#1177,.F.);
#553=ORIENTED_EDGE('',*,*,#1173,.T.);
#554=ORIENTED_EDGE('',*,*,#1178,.F.);
#555=ORIENTED_EDGE('',*,*,#1179,.F.);
#556=ORIENTED_EDGE('',*,*,#1180,.T.);
#557=ORIENTED_EDGE('',*,*,#1176,.T.);
#558=ORIENTED_EDGE('',*,*,#1181,.F.);
#559=ORIENTED_EDGE('',*,*,#1182,.F.);
#560=ORIENTED_EDGE('',*,*,#1183,.T.);
#561=ORIENTED_EDGE('',*,*,#1179,.T.);
#562=ORIENTED_EDGE('',*,*,#1184,.F.);
#563=ORIENTED_EDGE('',*,*,#1185,.F.);
#564=ORIENTED_EDGE('',*,*,#1186,.T.);
#565=ORIENTED_EDGE('',*,*,#1182,.T.);
#566=ORIENTED_EDGE('',*,*,#1187,.T.);
#567=ORIENTED_EDGE('',*,*,#1188,.F.);
#568=ORIENTED_EDGE('',*,*,#1189,.F.);
#569=ORIENTED_EDGE('',*,*,#1185,.T.);
#570=ORIENTED_EDGE('',*,*,#1190,.T.);
#571=ORIENTED_EDGE('',*,*,#1191,.F.);
#572=ORIENTED_EDGE('',*,*,#1192,.F.);
#573=ORIENTED_EDGE('',*,*,#1188,.T.);
#574=ORIENTED_EDGE('',*,*,#1193,.T.);
#575=ORIENTED_EDGE('',*,*,#1194,.F.);
#576=ORIENTED_EDGE('',*,*,#1195,.F.);
#577=ORIENTED_EDGE('',*,*,#1191,.T.);
#578=ORIENTED_EDGE('',*,*,#1196,.F.);
#579=ORIENTED_EDGE('',*,*,#1197,.F.);
#580=ORIENTED_EDGE('',*,*,#1198,.T.);
#581=ORIENTED_EDGE('',*,*,#1194,.T.);
#582=ORIENTED_EDGE('',*,*,#1199,.T.);
#583=ORIENTED_EDGE('',*,*,#1200,.F.);
#584=ORIENTED_EDGE('',*,*,#1201,.F.);
#585=ORIENTED_EDGE('',*,*,#1197,.T.);
#586=ORIENTED_EDGE('',*,*,#1202,.T.);
#587=ORIENTED_EDGE('',*,*,#1203,.F.);
#588=ORIENTED_EDGE('',*,*,#1204,.F.);
#589=ORIENTED_EDGE('',*,*,#1200,.T.);
#590=ORIENTED_EDGE('',*,*,#1205,.F.);
#591=ORIENTED_EDGE('',*,*,#1206,.F.);
#592=ORIENTED_EDGE('',*,*,#1207,.T.);
#593=ORIENTED_EDGE('',*,*,#1203,.T.);
#594=ORIENTED_EDGE('',*,*,#1208,.F.);
#595=ORIENTED_EDGE('',*,*,#1209,.F.);
#596=ORIENTED_EDGE('',*,*,#1210,.T.);
#597=ORIENTED_EDGE('',*,*,#1211,.T.);
#598=ORIENTED_EDGE('',*,*,#1212,.T.);
#599=ORIENTED_EDGE('',*,*,#1213,.F.);
#600=ORIENTED_EDGE('',*,*,#1214,.F.);
#601=ORIENTED_EDGE('',*,*,#1209,.T.);
#602=ORIENTED_EDGE('',*,*,#1215,.T.);
#603=ORIENTED_EDGE('',*,*,#1216,.F.);
#604=ORIENTED_EDGE('',*,*,#1217,.F.);
#605=ORIENTED_EDGE('',*,*,#1213,.T.);
#606=ORIENTED_EDGE('',*,*,#1218,.F.);
#607=ORIENTED_EDGE('',*,*,#1219,.F.);
#608=ORIENTED_EDGE('',*,*,#1220,.T.);
#609=ORIENTED_EDGE('',*,*,#1216,.T.);
#610=ORIENTED_EDGE('',*,*,#1221,.F.);
#611=ORIENTED_EDGE('',*,*,#1222,.F.);
#612=ORIENTED_EDGE('',*,*,#1223,.T.);
#613=ORIENTED_EDGE('',*,*,#1219,.T.);
#614=ORIENTED_EDGE('',*,*,#1224,.F.);
#615=ORIENTED_EDGE('',*,*,#1225,.F.);
#616=ORIENTED_EDGE('',*,*,#1226,.T.);
#617=ORIENTED_EDGE('',*,*,#1227,.T.);
#618=ORIENTED_EDGE('',*,*,#1228,.F.);
#619=ORIENTED_EDGE('',*,*,#1229,.F.);
#620=ORIENTED_EDGE('',*,*,#1230,.T.);
#621=ORIENTED_EDGE('',*,*,#1225,.T.);
#622=ORIENTED_EDGE('',*,*,#1231,.F.);
#623=ORIENTED_EDGE('',*,*,#1232,.F.);
#624=ORIENTED_EDGE('',*,*,#1233,.T.);
#625=ORIENTED_EDGE('',*,*,#1229,.T.);
#626=ORIENTED_EDGE('',*,*,#1234,.F.);
#627=ORIENTED_EDGE('',*,*,#1235,.F.);
#628=ORIENTED_EDGE('',*,*,#1236,.T.);
#629=ORIENTED_EDGE('',*,*,#1237,.T.);
#630=ORIENTED_EDGE('',*,*,#1238,.F.);
#631=ORIENTED_EDGE('',*,*,#1239,.F.);
#632=ORIENTED_EDGE('',*,*,#1240,.T.);
#633=ORIENTED_EDGE('',*,*,#1235,.T.);
#634=ORIENTED_EDGE('',*,*,#1241,.F.);
#635=ORIENTED_EDGE('',*,*,#1242,.F.);
#636=ORIENTED_EDGE('',*,*,#1243,.T.);
#637=ORIENTED_EDGE('',*,*,#1239,.T.);
#638=ORIENTED_EDGE('',*,*,#1244,.T.);
#639=ORIENTED_EDGE('',*,*,#1035,.F.);
#640=ORIENTED_EDGE('',*,*,#1245,.F.);
#641=ORIENTED_EDGE('',*,*,#1040,.T.);
#642=ORIENTED_EDGE('',*,*,#1246,.F.);
#643=ORIENTED_EDGE('',*,*,#1045,.F.);
#644=ORIENTED_EDGE('',*,*,#1247,.T.);
#645=ORIENTED_EDGE('',*,*,#1206,.T.);
#646=ORIENTED_EDGE('',*,*,#1248,.T.);
#647=ORIENTED_EDGE('',*,*,#1211,.F.);
#648=ORIENTED_EDGE('',*,*,#1249,.F.);
#649=ORIENTED_EDGE('',*,*,#1222,.T.);
#650=ORIENTED_EDGE('',*,*,#1250,.T.);
#651=ORIENTED_EDGE('',*,*,#1251,.F.);
#652=ORIENTED_EDGE('',*,*,#1252,.T.);
#653=ORIENTED_EDGE('',*,*,#1253,.F.);
#654=ORIENTED_EDGE('',*,*,#1254,.T.);
#655=ORIENTED_EDGE('',*,*,#1255,.F.);
#656=ORIENTED_EDGE('',*,*,#1256,.T.);
#657=ORIENTED_EDGE('',*,*,#1257,.F.);
#658=ORIENTED_EDGE('',*,*,#1258,.T.);
#659=ORIENTED_EDGE('',*,*,#1259,.F.);
#660=ORIENTED_EDGE('',*,*,#1260,.T.);
#661=ORIENTED_EDGE('',*,*,#1261,.F.);
#662=ORIENTED_EDGE('',*,*,#1262,.T.);
#663=ORIENTED_EDGE('',*,*,#1263,.F.);
#664=ORIENTED_EDGE('',*,*,#1264,.T.);
#665=ORIENTED_EDGE('',*,*,#1265,.F.);
#666=ORIENTED_EDGE('',*,*,#1266,.T.);
#667=ORIENTED_EDGE('',*,*,#1267,.F.);
#668=ORIENTED_EDGE('',*,*,#1268,.T.);
#669=ORIENTED_EDGE('',*,*,#1269,.F.);
#670=ORIENTED_EDGE('',*,*,#1270,.T.);
#671=ORIENTED_EDGE('',*,*,#1271,.F.);
#672=ORIENTED_EDGE('',*,*,#1272,.T.);
#673=ORIENTED_EDGE('',*,*,#1273,.F.);
#674=ORIENTED_EDGE('',*,*,#1274,.T.);
#675=ORIENTED_EDGE('',*,*,#1275,.F.);
#676=ORIENTED_EDGE('',*,*,#1276,.T.);
#677=ORIENTED_EDGE('',*,*,#1277,.F.);
#678=ORIENTED_EDGE('',*,*,#1278,.T.);
#679=ORIENTED_EDGE('',*,*,#1279,.F.);
#680=ORIENTED_EDGE('',*,*,#1280,.T.);
#681=ORIENTED_EDGE('',*,*,#1281,.F.);
#682=ORIENTED_EDGE('',*,*,#1282,.T.);
#683=ORIENTED_EDGE('',*,*,#1283,.F.);
#684=ORIENTED_EDGE('',*,*,#1284,.T.);
#685=ORIENTED_EDGE('',*,*,#1285,.F.);
#686=ORIENTED_EDGE('',*,*,#1286,.T.);
#687=ORIENTED_EDGE('',*,*,#1287,.F.);
#688=ORIENTED_EDGE('',*,*,#1288,.T.);
#689=ORIENTED_EDGE('',*,*,#1289,.F.);
#690=ORIENTED_EDGE('',*,*,#1290,.T.);
#691=ORIENTED_EDGE('',*,*,#1291,.F.);
#692=ORIENTED_EDGE('',*,*,#1292,.T.);
#693=ORIENTED_EDGE('',*,*,#1293,.F.);
#694=ORIENTED_EDGE('',*,*,#1294,.T.);
#695=ORIENTED_EDGE('',*,*,#1295,.F.);
#696=ORIENTED_EDGE('',*,*,#1296,.T.);
#697=ORIENTED_EDGE('',*,*,#1297,.F.);
#698=ORIENTED_EDGE('',*,*,#1298,.T.);
#699=ORIENTED_EDGE('',*,*,#1299,.F.);
#700=ORIENTED_EDGE('',*,*,#1300,.T.);
#701=ORIENTED_EDGE('',*,*,#1301,.F.);
#702=ORIENTED_EDGE('',*,*,#1302,.T.);
#703=ORIENTED_EDGE('',*,*,#1303,.F.);
#704=ORIENTED_EDGE('',*,*,#1304,.T.);
#705=ORIENTED_EDGE('',*,*,#1305,.F.);
#706=ORIENTED_EDGE('',*,*,#1306,.T.);
#707=ORIENTED_EDGE('',*,*,#1307,.F.);
#708=ORIENTED_EDGE('',*,*,#1308,.T.);
#709=ORIENTED_EDGE('',*,*,#1309,.F.);
#710=ORIENTED_EDGE('',*,*,#1310,.T.);
#711=ORIENTED_EDGE('',*,*,#1311,.F.);
#712=ORIENTED_EDGE('',*,*,#1312,.T.);
#713=ORIENTED_EDGE('',*,*,#1313,.F.);
#714=ORIENTED_EDGE('',*,*,#1314,.T.);
#715=ORIENTED_EDGE('',*,*,#1315,.F.);
#716=ORIENTED_EDGE('',*,*,#1316,.T.);
#717=ORIENTED_EDGE('',*,*,#1317,.F.);
#718=ORIENTED_EDGE('',*,*,#1318,.T.);
#719=ORIENTED_EDGE('',*,*,#1319,.F.);
#720=ORIENTED_EDGE('',*,*,#1320,.T.);
#721=ORIENTED_EDGE('',*,*,#1321,.F.);
#722=ORIENTED_EDGE('',*,*,#1322,.T.);
#723=ORIENTED_EDGE('',*,*,#1323,.F.);
#724=ORIENTED_EDGE('',*,*,#1324,.T.);
#725=ORIENTED_EDGE('',*,*,#1325,.F.);
#726=ORIENTED_EDGE('',*,*,#1326,.T.);
#727=ORIENTED_EDGE('',*,*,#1327,.F.);
#728=ORIENTED_EDGE('',*,*,#1328,.T.);
#729=ORIENTED_EDGE('',*,*,#1329,.F.);
#730=ORIENTED_EDGE('',*,*,#1330,.T.);
#731=ORIENTED_EDGE('',*,*,#1331,.F.);
#732=ORIENTED_EDGE('',*,*,#1332,.T.);
#733=ORIENTED_EDGE('',*,*,#1333,.F.);
#734=ORIENTED_EDGE('',*,*,#1334,.T.);
#735=ORIENTED_EDGE('',*,*,#1335,.F.);
#736=ORIENTED_EDGE('',*,*,#1336,.T.);
#737=ORIENTED_EDGE('',*,*,#1337,.F.);
#738=ORIENTED_EDGE('',*,*,#1338,.T.);
#739=ORIENTED_EDGE('',*,*,#1339,.F.);
#740=ORIENTED_EDGE('',*,*,#1340,.T.);
#741=ORIENTED_EDGE('',*,*,#1341,.F.);
#742=ORIENTED_EDGE('',*,*,#1342,.T.);
#743=ORIENTED_EDGE('',*,*,#1343,.F.);
#744=ORIENTED_EDGE('',*,*,#1344,.T.);
#745=ORIENTED_EDGE('',*,*,#1345,.F.);
#746=ORIENTED_EDGE('',*,*,#1346,.T.);
#747=ORIENTED_EDGE('',*,*,#1347,.F.);
#748=ORIENTED_EDGE('',*,*,#1348,.T.);
#749=ORIENTED_EDGE('',*,*,#1349,.F.);
#750=ORIENTED_EDGE('',*,*,#1350,.T.);
#751=ORIENTED_EDGE('',*,*,#1351,.F.);
#752=ORIENTED_EDGE('',*,*,#1352,.F.);
#753=ORIENTED_EDGE('',*,*,#1227,.F.);
#754=ORIENTED_EDGE('',*,*,#1353,.T.);
#755=ORIENTED_EDGE('',*,*,#1232,.T.);
#756=ORIENTED_EDGE('',*,*,#1354,.F.);
#757=ORIENTED_EDGE('',*,*,#1237,.F.);
#758=ORIENTED_EDGE('',*,*,#1355,.T.);
#759=ORIENTED_EDGE('',*,*,#1242,.T.);
#760=ORIENTED_EDGE('',*,*,#1356,.T.);
#761=ORIENTED_EDGE('',*,*,#1025,.F.);
#762=ORIENTED_EDGE('',*,*,#1357,.F.);
#763=ORIENTED_EDGE('',*,*,#1030,.T.);
#764=ORIENTED_EDGE('',*,*,#1236,.F.);
#765=ORIENTED_EDGE('',*,*,#1240,.F.);
#766=ORIENTED_EDGE('',*,*,#1243,.F.);
#767=ORIENTED_EDGE('',*,*,#1355,.F.);
#768=ORIENTED_EDGE('',*,*,#1226,.F.);
#769=ORIENTED_EDGE('',*,*,#1230,.F.);
#770=ORIENTED_EDGE('',*,*,#1233,.F.);
#771=ORIENTED_EDGE('',*,*,#1353,.F.);
#772=ORIENTED_EDGE('',*,*,#1350,.F.);
#773=ORIENTED_EDGE('',*,*,#1348,.F.);
#774=ORIENTED_EDGE('',*,*,#1346,.F.);
#775=ORIENTED_EDGE('',*,*,#1344,.F.);
#776=ORIENTED_EDGE('',*,*,#1342,.F.);
#777=ORIENTED_EDGE('',*,*,#1340,.F.);
#778=ORIENTED_EDGE('',*,*,#1338,.F.);
#779=ORIENTED_EDGE('',*,*,#1336,.F.);
#780=ORIENTED_EDGE('',*,*,#1334,.F.);
#781=ORIENTED_EDGE('',*,*,#1332,.F.);
#782=ORIENTED_EDGE('',*,*,#1330,.F.);
#783=ORIENTED_EDGE('',*,*,#1328,.F.);
#784=ORIENTED_EDGE('',*,*,#1326,.F.);
#785=ORIENTED_EDGE('',*,*,#1324,.F.);
#786=ORIENTED_EDGE('',*,*,#1322,.F.);
#787=ORIENTED_EDGE('',*,*,#1320,.F.);
#788=ORIENTED_EDGE('',*,*,#1318,.F.);
#789=ORIENTED_EDGE('',*,*,#1316,.F.);
#790=ORIENTED_EDGE('',*,*,#1314,.F.);
#791=ORIENTED_EDGE('',*,*,#1312,.F.);
#792=ORIENTED_EDGE('',*,*,#1310,.F.);
#793=ORIENTED_EDGE('',*,*,#1308,.F.);
#794=ORIENTED_EDGE('',*,*,#1306,.F.);
#795=ORIENTED_EDGE('',*,*,#1304,.F.);
#796=ORIENTED_EDGE('',*,*,#1302,.F.);
#797=ORIENTED_EDGE('',*,*,#1300,.F.);
#798=ORIENTED_EDGE('',*,*,#1298,.F.);
#799=ORIENTED_EDGE('',*,*,#1296,.F.);
#800=ORIENTED_EDGE('',*,*,#1294,.F.);
#801=ORIENTED_EDGE('',*,*,#1292,.F.);
#802=ORIENTED_EDGE('',*,*,#1290,.F.);
#803=ORIENTED_EDGE('',*,*,#1288,.F.);
#804=ORIENTED_EDGE('',*,*,#1286,.F.);
#805=ORIENTED_EDGE('',*,*,#1284,.F.);
#806=ORIENTED_EDGE('',*,*,#1282,.F.);
#807=ORIENTED_EDGE('',*,*,#1280,.F.);
#808=ORIENTED_EDGE('',*,*,#1278,.F.);
#809=ORIENTED_EDGE('',*,*,#1276,.F.);
#810=ORIENTED_EDGE('',*,*,#1274,.F.);
#811=ORIENTED_EDGE('',*,*,#1272,.F.);
#812=ORIENTED_EDGE('',*,*,#1270,.F.);
#813=ORIENTED_EDGE('',*,*,#1268,.F.);
#814=ORIENTED_EDGE('',*,*,#1266,.F.);
#815=ORIENTED_EDGE('',*,*,#1264,.F.);
#816=ORIENTED_EDGE('',*,*,#1262,.F.);
#817=ORIENTED_EDGE('',*,*,#1260,.F.);
#818=ORIENTED_EDGE('',*,*,#1258,.F.);
#819=ORIENTED_EDGE('',*,*,#1256,.F.);
#820=ORIENTED_EDGE('',*,*,#1254,.F.);
#821=ORIENTED_EDGE('',*,*,#1252,.F.);
#822=ORIENTED_EDGE('',*,*,#1250,.F.);
#823=ORIENTED_EDGE('',*,*,#1210,.F.);
#824=ORIENTED_EDGE('',*,*,#1214,.T.);
#825=ORIENTED_EDGE('',*,*,#1217,.T.);
#826=ORIENTED_EDGE('',*,*,#1220,.F.);
#827=ORIENTED_EDGE('',*,*,#1223,.F.);
#828=ORIENTED_EDGE('',*,*,#1249,.T.);
#829=ORIENTED_EDGE('',*,*,#1044,.T.);
#830=ORIENTED_EDGE('',*,*,#1048,.T.);
#831=ORIENTED_EDGE('',*,*,#1051,.T.);
#832=ORIENTED_EDGE('',*,*,#1054,.T.);
#833=ORIENTED_EDGE('',*,*,#1057,.F.);
#834=ORIENTED_EDGE('',*,*,#1060,.F.);
#835=ORIENTED_EDGE('',*,*,#1063,.T.);
#836=ORIENTED_EDGE('',*,*,#1066,.T.);
#837=ORIENTED_EDGE('',*,*,#1069,.T.);
#838=ORIENTED_EDGE('',*,*,#1072,.F.);
#839=ORIENTED_EDGE('',*,*,#1075,.T.);
#840=ORIENTED_EDGE('',*,*,#1078,.F.);
#841=ORIENTED_EDGE('',*,*,#1081,.T.);
#842=ORIENTED_EDGE('',*,*,#1084,.F.);
#843=ORIENTED_EDGE('',*,*,#1087,.F.);
#844=ORIENTED_EDGE('',*,*,#1090,.F.);
#845=ORIENTED_EDGE('',*,*,#1093,.T.);
#846=ORIENTED_EDGE('',*,*,#1096,.T.);
#847=ORIENTED_EDGE('',*,*,#1099,.T.);
#848=ORIENTED_EDGE('',*,*,#1102,.T.);
#849=ORIENTED_EDGE('',*,*,#1105,.T.);
#850=ORIENTED_EDGE('',*,*,#1108,.T.);
#851=ORIENTED_EDGE('',*,*,#1111,.F.);
#852=ORIENTED_EDGE('',*,*,#1114,.F.);
#853=ORIENTED_EDGE('',*,*,#1117,.T.);
#854=ORIENTED_EDGE('',*,*,#1120,.T.);
#855=ORIENTED_EDGE('',*,*,#1123,.T.);
#856=ORIENTED_EDGE('',*,*,#1126,.T.);
#857=ORIENTED_EDGE('',*,*,#1129,.T.);
#858=ORIENTED_EDGE('',*,*,#1132,.F.);
#859=ORIENTED_EDGE('',*,*,#1135,.T.);
#860=ORIENTED_EDGE('',*,*,#1138,.T.);
#861=ORIENTED_EDGE('',*,*,#1141,.T.);
#862=ORIENTED_EDGE('',*,*,#1144,.F.);
#863=ORIENTED_EDGE('',*,*,#1147,.T.);
#864=ORIENTED_EDGE('',*,*,#1150,.T.);
#865=ORIENTED_EDGE('',*,*,#1153,.F.);
#866=ORIENTED_EDGE('',*,*,#1156,.F.);
#867=ORIENTED_EDGE('',*,*,#1159,.T.);
#868=ORIENTED_EDGE('',*,*,#1162,.F.);
#869=ORIENTED_EDGE('',*,*,#1165,.T.);
#870=ORIENTED_EDGE('',*,*,#1168,.F.);
#871=ORIENTED_EDGE('',*,*,#1171,.T.);
#872=ORIENTED_EDGE('',*,*,#1174,.F.);
#873=ORIENTED_EDGE('',*,*,#1177,.T.);
#874=ORIENTED_EDGE('',*,*,#1180,.F.);
#875=ORIENTED_EDGE('',*,*,#1183,.F.);
#876=ORIENTED_EDGE('',*,*,#1186,.F.);
#877=ORIENTED_EDGE('',*,*,#1189,.T.);
#878=ORIENTED_EDGE('',*,*,#1192,.T.);
#879=ORIENTED_EDGE('',*,*,#1195,.T.);
#880=ORIENTED_EDGE('',*,*,#1198,.F.);
#881=ORIENTED_EDGE('',*,*,#1201,.T.);
#882=ORIENTED_EDGE('',*,*,#1204,.T.);
#883=ORIENTED_EDGE('',*,*,#1207,.F.);
#884=ORIENTED_EDGE('',*,*,#1247,.F.);
#885=ORIENTED_EDGE('',*,*,#1034,.F.);
#886=ORIENTED_EDGE('',*,*,#1038,.T.);
#887=ORIENTED_EDGE('',*,*,#1041,.F.);
#888=ORIENTED_EDGE('',*,*,#1245,.T.);
#889=ORIENTED_EDGE('',*,*,#1024,.F.);
#890=ORIENTED_EDGE('',*,*,#1028,.T.);
#891=ORIENTED_EDGE('',*,*,#1031,.F.);
#892=ORIENTED_EDGE('',*,*,#1357,.T.);
#893=ORIENTED_EDGE('',*,*,#1234,.T.);
#894=ORIENTED_EDGE('',*,*,#1354,.T.);
#895=ORIENTED_EDGE('',*,*,#1241,.T.);
#896=ORIENTED_EDGE('',*,*,#1238,.T.);
#897=ORIENTED_EDGE('',*,*,#1224,.T.);
#898=ORIENTED_EDGE('',*,*,#1352,.T.);
#899=ORIENTED_EDGE('',*,*,#1231,.T.);
#900=ORIENTED_EDGE('',*,*,#1228,.T.);
#901=ORIENTED_EDGE('',*,*,#1351,.T.);
#902=ORIENTED_EDGE('',*,*,#1349,.T.);
#903=ORIENTED_EDGE('',*,*,#1347,.T.);
#904=ORIENTED_EDGE('',*,*,#1345,.T.);
#905=ORIENTED_EDGE('',*,*,#1343,.T.);
#906=ORIENTED_EDGE('',*,*,#1341,.T.);
#907=ORIENTED_EDGE('',*,*,#1339,.T.);
#908=ORIENTED_EDGE('',*,*,#1337,.T.);
#909=ORIENTED_EDGE('',*,*,#1335,.T.);
#910=ORIENTED_EDGE('',*,*,#1333,.T.);
#911=ORIENTED_EDGE('',*,*,#1331,.T.);
#912=ORIENTED_EDGE('',*,*,#1329,.T.);
#913=ORIENTED_EDGE('',*,*,#1327,.T.);
#914=ORIENTED_EDGE('',*,*,#1325,.T.);
#915=ORIENTED_EDGE('',*,*,#1323,.T.);
#916=ORIENTED_EDGE('',*,*,#1321,.T.);
#917=ORIENTED_EDGE('',*,*,#1319,.T.);
#918=ORIENTED_EDGE('',*,*,#1317,.T.);
#919=ORIENTED_EDGE('',*,*,#1315,.T.);
#920=ORIENTED_EDGE('',*,*,#1313,.T.);
#921=ORIENTED_EDGE('',*,*,#1311,.T.);
#922=ORIENTED_EDGE('',*,*,#1309,.T.);
#923=ORIENTED_EDGE('',*,*,#1307,.T.);
#924=ORIENTED_EDGE('',*,*,#1305,.T.);
#925=ORIENTED_EDGE('',*,*,#1303,.T.);
#926=ORIENTED_EDGE('',*,*,#1301,.T.);
#927=ORIENTED_EDGE('',*,*,#1299,.T.);
#928=ORIENTED_EDGE('',*,*,#1297,.T.);
#929=ORIENTED_EDGE('',*,*,#1295,.T.);
#930=ORIENTED_EDGE('',*,*,#1293,.T.);
#931=ORIENTED_EDGE('',*,*,#1291,.T.);
#932=ORIENTED_EDGE('',*,*,#1289,.T.);
#933=ORIENTED_EDGE('',*,*,#1287,.T.);
#934=ORIENTED_EDGE('',*,*,#1285,.T.);
#935=ORIENTED_EDGE('',*,*,#1283,.T.);
#936=ORIENTED_EDGE('',*,*,#1281,.T.);
#937=ORIENTED_EDGE('',*,*,#1279,.T.);
#938=ORIENTED_EDGE('',*,*,#1277,.T.);
#939=ORIENTED_EDGE('',*,*,#1275,.T.);
#940=ORIENTED_EDGE('',*,*,#1273,.T.);
#941=ORIENTED_EDGE('',*,*,#1271,.T.);
#942=ORIENTED_EDGE('',*,*,#1269,.T.);
#943=ORIENTED_EDGE('',*,*,#1267,.T.);
#944=ORIENTED_EDGE('',*,*,#1265,.T.);
#945=ORIENTED_EDGE('',*,*,#1263,.T.);
#946=ORIENTED_EDGE('',*,*,#1261,.T.);
#947=ORIENTED_EDGE('',*,*,#1259,.T.);
#948=ORIENTED_EDGE('',*,*,#1257,.T.);
#949=ORIENTED_EDGE('',*,*,#1255,.T.);
#950=ORIENTED_EDGE('',*,*,#1253,.T.);
#951=ORIENTED_EDGE('',*,*,#1251,.T.);
#952=ORIENTED_EDGE('',*,*,#1208,.T.);
#953=ORIENTED_EDGE('',*,*,#1248,.F.);
#954=ORIENTED_EDGE('',*,*,#1221,.T.);
#955=ORIENTED_EDGE('',*,*,#1218,.T.);
#956=ORIENTED_EDGE('',*,*,#1215,.F.);
#957=ORIENTED_EDGE('',*,*,#1212,.F.);
#958=ORIENTED_EDGE('',*,*,#1042,.F.);
#959=ORIENTED_EDGE('',*,*,#1246,.T.);
#960=ORIENTED_EDGE('',*,*,#1205,.T.);
#961=ORIENTED_EDGE('',*,*,#1202,.F.);
#962=ORIENTED_EDGE('',*,*,#1199,.F.);
#963=ORIENTED_EDGE('',*,*,#1196,.T.);
#964=ORIENTED_EDGE('',*,*,#1193,.F.);
#965=ORIENTED_EDGE('',*,*,#1190,.F.);
#966=ORIENTED_EDGE('',*,*,#1187,.F.);
#967=ORIENTED_EDGE('',*,*,#1184,.T.);
#968=ORIENTED_EDGE('',*,*,#1181,.T.);
#969=ORIENTED_EDGE('',*,*,#1178,.T.);
#970=ORIENTED_EDGE('',*,*,#1175,.F.);
#971=ORIENTED_EDGE('',*,*,#1172,.T.);
#972=ORIENTED_EDGE('',*,*,#1169,.F.);
#973=ORIENTED_EDGE('',*,*,#1166,.T.);
#974=ORIENTED_EDGE('',*,*,#1163,.F.);
#975=ORIENTED_EDGE('',*,*,#1160,.T.);
#976=ORIENTED_EDGE('',*,*,#1157,.F.);
#977=ORIENTED_EDGE('',*,*,#1154,.T.);
#978=ORIENTED_EDGE('',*,*,#1151,.T.);
#979=ORIENTED_EDGE('',*,*,#1148,.F.);
#980=ORIENTED_EDGE('',*,*,#1145,.F.);
#981=ORIENTED_EDGE('',*,*,#1142,.T.);
#982=ORIENTED_EDGE('',*,*,#1139,.F.);
#983=ORIENTED_EDGE('',*,*,#1136,.F.);
#984=ORIENTED_EDGE('',*,*,#1133,.F.);
#985=ORIENTED_EDGE('',*,*,#1130,.T.);
#986=ORIENTED_EDGE('',*,*,#1127,.F.);
#987=ORIENTED_EDGE('',*,*,#1124,.F.);
#988=ORIENTED_EDGE('',*,*,#1121,.F.);
#989=ORIENTED_EDGE('',*,*,#1118,.F.);
#990=ORIENTED_EDGE('',*,*,#1115,.F.);
#991=ORIENTED_EDGE('',*,*,#1112,.T.);
#992=ORIENTED_EDGE('',*,*,#1109,.T.);
#993=ORIENTED_EDGE('',*,*,#1106,.F.);
#994=ORIENTED_EDGE('',*,*,#1103,.F.);
#995=ORIENTED_EDGE('',*,*,#1100,.F.);
#996=ORIENTED_EDGE('',*,*,#1097,.F.);
#997=ORIENTED_EDGE('',*,*,#1094,.F.);
#998=ORIENTED_EDGE('',*,*,#1091,.F.);
#999=ORIENTED_EDGE('',*,*,#1088,.T.);
#1000=ORIENTED_EDGE('',*,*,#1085,.T.);
#1001=ORIENTED_EDGE('',*,*,#1082,.T.);
#1002=ORIENTED_EDGE('',*,*,#1079,.F.);
#1003=ORIENTED_EDGE('',*,*,#1076,.T.);
#1004=ORIENTED_EDGE('',*,*,#1073,.F.);
#1005=ORIENTED_EDGE('',*,*,#1070,.T.);
#1006=ORIENTED_EDGE('',*,*,#1067,.F.);
#1007=ORIENTED_EDGE('',*,*,#1064,.F.);
#1008=ORIENTED_EDGE('',*,*,#1061,.F.);
#1009=ORIENTED_EDGE('',*,*,#1058,.T.);
#1010=ORIENTED_EDGE('',*,*,#1055,.T.);
#1011=ORIENTED_EDGE('',*,*,#1052,.F.);
#1012=ORIENTED_EDGE('',*,*,#1049,.F.);
#1013=ORIENTED_EDGE('',*,*,#1046,.F.);
#1014=ORIENTED_EDGE('',*,*,#1032,.T.);
#1015=ORIENTED_EDGE('',*,*,#1244,.F.);
#1016=ORIENTED_EDGE('',*,*,#1039,.T.);
#1017=ORIENTED_EDGE('',*,*,#1036,.F.);
#1018=ORIENTED_EDGE('',*,*,#1022,.T.);
#1019=ORIENTED_EDGE('',*,*,#1356,.F.);
#1020=ORIENTED_EDGE('',*,*,#1029,.T.);
#1021=ORIENTED_EDGE('',*,*,#1026,.F.);
#1022=EDGE_CURVE('',#1358,#1359,#1616,.T.);
#1023=EDGE_CURVE('',#1360,#1358,#50,.T.);
#1024=EDGE_CURVE('',#1360,#1361,#1617,.T.);
#1025=EDGE_CURVE('',#1361,#1359,#51,.T.);
#1026=EDGE_CURVE('',#1358,#1362,#52,.T.);
#1027=EDGE_CURVE('',#1363,#1362,#53,.T.);
#1028=EDGE_CURVE('',#1360,#1363,#54,.T.);
#1029=EDGE_CURVE('',#1364,#1362,#1618,.T.);
#1030=EDGE_CURVE('',#1365,#1364,#55,.T.);
#1031=EDGE_CURVE('',#1365,#1363,#1619,.T.);
#1032=EDGE_CURVE('',#1366,#1367,#1620,.T.);
#1033=EDGE_CURVE('',#1368,#1366,#56,.T.);
#1034=EDGE_CURVE('',#1368,#1369,#1621,.T.);
#1035=EDGE_CURVE('',#1369,#1367,#57,.T.);
#1036=EDGE_CURVE('',#1366,#1370,#58,.T.);
#1037=EDGE_CURVE('',#1371,#1370,#59,.T.);
#1038=EDGE_CURVE('',#1368,#1371,#60,.T.);
#1039=EDGE_CURVE('',#1372,#1370,#1622,.T.);
#1040=EDGE_CURVE('',#1373,#1372,#61,.T.);
#1041=EDGE_CURVE('',#1373,#1371,#1623,.T.);
#1042=EDGE_CURVE('',#1374,#1375,#1624,.T.);
#1043=EDGE_CURVE('',#1376,#1375,#62,.T.);
#1044=EDGE_CURVE('',#1377,#1376,#1625,.T.);
#1045=EDGE_CURVE('',#1377,#1374,#63,.T.);
#1046=EDGE_CURVE('',#1375,#1378,#64,.T.);
#1047=EDGE_CURVE('',#1379,#1378,#65,.T.);
#1048=EDGE_CURVE('',#1376,#1379,#66,.T.);
#1049=EDGE_CURVE('',#1378,#1380,#1626,.T.);
#1050=EDGE_CURVE('',#1381,#1380,#67,.T.);
#1051=EDGE_CURVE('',#1379,#1381,#1627,.T.);
#1052=EDGE_CURVE('',#1380,#1382,#68,.T.);
#1053=EDGE_CURVE('',#1383,#1382,#69,.T.);
#1054=EDGE_CURVE('',#1381,#1383,#70,.T.);
#1055=EDGE_CURVE('',#1384,#1382,#1628,.T.);
#1056=EDGE_CURVE('',#1385,#1384,#71,.T.);
#1057=EDGE_CURVE('',#1385,#1383,#1629,.T.);
#1058=EDGE_CURVE('',#1386,#1384,#72,.T.);
#1059=EDGE_CURVE('',#1387,#1386,#73,.T.);
#1060=EDGE_CURVE('',#1387,#1385,#74,.T.);
#1061=EDGE_CURVE('',#1386,#1388,#1630,.T.);
#1062=EDGE_CURVE('',#1389,#1388,#75,.T.);
#1063=EDGE_CURVE('',#1387,#1389,#1631,.T.);
#1064=EDGE_CURVE('',#1388,#1390,#76,.T.);
#1065=EDGE_CURVE('',#1391,#1390,#77,.T.);
#1066=EDGE_CURVE('',#1389,#1391,#78,.T.);
#1067=EDGE_CURVE('',#1390,#1392,#1632,.T.);
#1068=EDGE_CURVE('',#1393,#1392,#79,.T.);
#1069=EDGE_CURVE('',#1391,#1393,#1633,.T.);
#1070=EDGE_CURVE('',#1394,#1392,#80,.T.);
#1071=EDGE_CURVE('',#1395,#1394,#81,.T.);
#1072=EDGE_CURVE('',#1395,#1393,#82,.T.);
#1073=EDGE_CURVE('',#1394,#1396,#1634,.T.);
#1074=EDGE_CURVE('',#1397,#1396,#83,.T.);
#1075=EDGE_CURVE('',#1395,#1397,#1635,.T.);
#1076=EDGE_CURVE('',#1398,#1396,#1636,.T.);
#1077=EDGE_CURVE('',#1399,#1398,#84,.T.);
#1078=EDGE_CURVE('',#1399,#1397,#1637,.T.);
#1079=EDGE_CURVE('',#1398,#1400,#85,.T.);
#1080=EDGE_CURVE('',#1401,#1400,#86,.T.);
#1081=EDGE_CURVE('',#1399,#1401,#87,.T.);
#1082=EDGE_CURVE('',#1402,#1400,#1638,.T.);
#1083=EDGE_CURVE('',#1403,#1402,#88,.T.);
#1084=EDGE_CURVE('',#1403,#1401,#1639,.T.);
#1085=EDGE_CURVE('',#1404,#1402,#89,.T.);
#1086=EDGE_CURVE('',#1405,#1404,#90,.T.);
#1087=EDGE_CURVE('',#1405,#1403,#91,.T.);
#1088=EDGE_CURVE('',#1406,#1404,#1640,.T.);
#1089=EDGE_CURVE('',#1407,#1406,#92,.T.);
#1090=EDGE_CURVE('',#1407,#1405,#1641,.T.);
#1091=EDGE_CURVE('',#1406,#1408,#1642,.T.);
#1092=EDGE_CURVE('',#1409,#1408,#93,.T.);
#1093=EDGE_CURVE('',#1407,#1409,#1643,.T.);
#1094=EDGE_CURVE('',#1408,#1410,#94,.T.);
#1095=EDGE_CURVE('',#1411,#1410,#95,.T.);
#1096=EDGE_CURVE('',#1409,#1411,#96,.T.);
#1097=EDGE_CURVE('',#1410,#1412,#1644,.T.);
#1098=EDGE_CURVE('',#1413,#1412,#97,.T.);
#1099=EDGE_CURVE('',#1411,#1413,#1645,.T.);
#1100=EDGE_CURVE('',#1412,#1414,#98,.T.);
#1101=EDGE_CURVE('',#1415,#1414,#99,.T.);
#1102=EDGE_CURVE('',#1413,#1415,#100,.T.);
#1103=EDGE_CURVE('',#1414,#1416,#1646,.T.);
#1104=EDGE_CURVE('',#1417,#1416,#101,.T.);
#1105=EDGE_CURVE('',#1415,#1417,#1647,.T.);
#1106=EDGE_CURVE('',#1416,#1418,#102,.T.);
#1107=EDGE_CURVE('',#1419,#1418,#103,.T.);
#1108=EDGE_CURVE('',#1417,#1419,#104,.T.);
#1109=EDGE_CURVE('',#1420,#1418,#1648,.T.);
#1110=EDGE_CURVE('',#1421,#1420,#105,.T.);
#1111=EDGE_CURVE('',#1421,#1419,#1649,.T.);
#1112=EDGE_CURVE('',#1422,#1420,#106,.T.);
#1113=EDGE_CURVE('',#1423,#1422,#107,.T.);
#1114=EDGE_CURVE('',#1423,#1421,#108,.T.);
#1115=EDGE_CURVE('',#1422,#1424,#1650,.T.);
#1116=EDGE_CURVE('',#1425,#1424,#109,.T.);
#1117=EDGE_CURVE('',#1423,#1425,#1651,.T.);
#1118=EDGE_CURVE('',#1424,#1426,#110,.T.);
#1119=EDGE_CURVE('',#1427,#1426,#111,.T.);
#1120=EDGE_CURVE('',#1425,#1427,#112,.T.);
#1121=EDGE_CURVE('',#1426,#1428,#1652,.T.);
#1122=EDGE_CURVE('',#1429,#1428,#113,.T.);
#1123=EDGE_CURVE('',#1427,#1429,#1653,.T.);
#1124=EDGE_CURVE('',#1428,#1430,#114,.T.);
#1125=EDGE_CURVE('',#1431,#1430,#115,.T.);
#1126=EDGE_CURVE('',#1429,#1431,#116,.T.);
#1127=EDGE_CURVE('',#1430,#1432,#1654,.T.);
#1128=EDGE_CURVE('',#1433,#1432,#117,.T.);
#1129=EDGE_CURVE('',#1431,#1433,#1655,.T.);
#1130=EDGE_CURVE('',#1434,#1432,#118,.T.);
#1131=EDGE_CURVE('',#1435,#1434,#119,.T.);
#1132=EDGE_CURVE('',#1435,#1433,#120,.T.);
#1133=EDGE_CURVE('',#1434,#1436,#1656,.T.);
#1134=EDGE_CURVE('',#1437,#1436,#121,.T.);
#1135=EDGE_CURVE('',#1435,#1437,#1657,.T.);
#1136=EDGE_CURVE('',#1436,#1438,#122,.T.);
#1137=EDGE_CURVE('',#1439,#1438,#123,.T.);
#1138=EDGE_CURVE('',#1437,#1439,#124,.T.);
#1139=EDGE_CURVE('',#1438,#1440,#1658,.T.);
#1140=EDGE_CURVE('',#1441,#1440,#125,.T.);
#1141=EDGE_CURVE('',#1439,#1441,#1659,.T.);
#1142=EDGE_CURVE('',#1442,#1440,#126,.T.);
#1143=EDGE_CURVE('',#1443,#1442,#127,.T.);
#1144=EDGE_CURVE('',#1443,#1441,#128,.T.);
#1145=EDGE_CURVE('',#1442,#1444,#1660,.T.);
#1146=EDGE_CURVE('',#1445,#1444,#129,.T.);
#1147=EDGE_CURVE('',#1443,#1445,#1661,.T.);
#1148=EDGE_CURVE('',#1444,#1446,#130,.T.);
#1149=EDGE_CURVE('',#1447,#1446,#131,.T.);
#1150=EDGE_CURVE('',#1445,#1447,#132,.T.);
#1151=EDGE_CURVE('',#1448,#1446,#1662,.T.);
#1152=EDGE_CURVE('',#1449,#1448,#133,.T.);
#1153=EDGE_CURVE('',#1449,#1447,#1663,.T.);
#1154=EDGE_CURVE('',#1450,#1448,#134,.T.);
#1155=EDGE_CURVE('',#1451,#1450,#135,.T.);
#1156=EDGE_CURVE('',#1451,#1449,#136,.T.);
#1157=EDGE_CURVE('',#1450,#1452,#1664,.T.);
#1158=EDGE_CURVE('',#1453,#1452,#137,.T.);
#1159=EDGE_CURVE('',#1451,#1453,#1665,.T.);
#1160=EDGE_CURVE('',#1454,#1452,#138,.T.);
#1161=EDGE_CURVE('',#1455,#1454,#139,.T.);
#1162=EDGE_CURVE('',#1455,#1453,#140,.T.);
#1163=EDGE_CURVE('',#1454,#1456,#1666,.T.);
#1164=EDGE_CURVE('',#1457,#1456,#141,.T.);
#1165=EDGE_CURVE('',#1455,#1457,#1667,.T.);
#1166=EDGE_CURVE('',#1458,#1456,#142,.T.);
#1167=EDGE_CURVE('',#1459,#1458,#143,.T.);
#1168=EDGE_CURVE('',#1459,#1457,#144,.T.);
#1169=EDGE_CURVE('',#1458,#1460,#1668,.T.);
#1170=EDGE_CURVE('',#1461,#1460,#145,.T.);
#1171=EDGE_CURVE('',#1459,#1461,#1669,.T.);
#1172=EDGE_CURVE('',#1462,#1460,#1670,.T.);
#1173=EDGE_CURVE('',#1463,#1462,#146,.T.);
#1174=EDGE_CURVE('',#1463,#1461,#1671,.T.);
#1175=EDGE_CURVE('',#1462,#1464,#147,.T.);
#1176=EDGE_CURVE('',#1465,#1464,#148,.T.);
#1177=EDGE_CURVE('',#1463,#1465,#149,.T.);
#1178=EDGE_CURVE('',#1466,#1464,#1672,.T.);
#1179=EDGE_CURVE('',#1467,#1466,#150,.T.);
#1180=EDGE_CURVE('',#1467,#1465,#1673,.T.);
#1181=EDGE_CURVE('',#1468,#1466,#151,.T.);
#1182=EDGE_CURVE('',#1469,#1468,#152,.T.);
#1183=EDGE_CURVE('',#1469,#1467,#153,.T.);
#1184=EDGE_CURVE('',#1470,#1468,#1674,.T.);
#1185=EDGE_CURVE('',#1471,#1470,#154,.T.);
#1186=EDGE_CURVE('',#1471,#1469,#1675,.T.);
#1187=EDGE_CURVE('',#1470,#1472,#1676,.T.);
#1188=EDGE_CURVE('',#1473,#1472,#155,.T.);
#1189=EDGE_CURVE('',#1471,#1473,#1677,.T.);
#1190=EDGE_CURVE('',#1472,#1474,#156,.T.);
#1191=EDGE_CURVE('',#1475,#1474,#157,.T.);
#1192=EDGE_CURVE('',#1473,#1475,#158,.T.);
#1193=EDGE_CURVE('',#1474,#1476,#1678,.T.);
#1194=EDGE_CURVE('',#1477,#1476,#159,.T.);
#1195=EDGE_CURVE('',#1475,#1477,#1679,.T.);
#1196=EDGE_CURVE('',#1478,#1476,#160,.T.);
#1197=EDGE_CURVE('',#1479,#1478,#161,.T.);
#1198=EDGE_CURVE('',#1479,#1477,#162,.T.);
#1199=EDGE_CURVE('',#1478,#1480,#1680,.T.);
#1200=EDGE_CURVE('',#1481,#1480,#163,.T.);
#1201=EDGE_CURVE('',#1479,#1481,#1681,.T.);
#1202=EDGE_CURVE('',#1480,#1482,#164,.T.);
#1203=EDGE_CURVE('',#1483,#1482,#165,.T.);
#1204=EDGE_CURVE('',#1481,#1483,#166,.T.);
#1205=EDGE_CURVE('',#1484,#1482,#1682,.T.);
#1206=EDGE_CURVE('',#1485,#1484,#167,.T.);
#1207=EDGE_CURVE('',#1485,#1483,#1683,.T.);
#1208=EDGE_CURVE('',#1486,#1487,#1684,.T.);
#1209=EDGE_CURVE('',#1488,#1486,#168,.T.);
#1210=EDGE_CURVE('',#1488,#1489,#1685,.T.);
#1211=EDGE_CURVE('',#1489,#1487,#169,.T.);
#1212=EDGE_CURVE('',#1486,#1490,#1686,.T.);
#1213=EDGE_CURVE('',#1491,#1490,#170,.T.);
#1214=EDGE_CURVE('',#1488,#1491,#1687,.T.);
#1215=EDGE_CURVE('',#1490,#1492,#171,.T.);
#1216=EDGE_CURVE('',#1493,#1492,#172,.T.);
#1217=EDGE_CURVE('',#1491,#1493,#173,.T.);
#1218=EDGE_CURVE('',#1494,#1492,#1688,.T.);
#1219=EDGE_CURVE('',#1495,#1494,#174,.T.);
#1220=EDGE_CURVE('',#1495,#1493,#1689,.T.);
#1221=EDGE_CURVE('',#1496,#1494,#175,.T.);
#1222=EDGE_CURVE('',#1497,#1496,#176,.T.);
#1223=EDGE_CURVE('',#1497,#1495,#177,.T.);
#1224=EDGE_CURVE('',#1498,#1499,#178,.T.);
#1225=EDGE_CURVE('',#1500,#1498,#179,.T.);
#1226=EDGE_CURVE('',#1500,#1501,#180,.T.);
#1227=EDGE_CURVE('',#1501,#1499,#181,.T.);
#1228=EDGE_CURVE('',#1502,#1498,#1690,.T.);
#1229=EDGE_CURVE('',#1503,#1502,#182,.T.);
#1230=EDGE_CURVE('',#1503,#1500,#1691,.T.);
#1231=EDGE_CURVE('',#1504,#1502,#183,.T.);
#1232=EDGE_CURVE('',#1505,#1504,#184,.T.);
#1233=EDGE_CURVE('',#1505,#1503,#185,.T.);
#1234=EDGE_CURVE('',#1506,#1507,#186,.T.);
#1235=EDGE_CURVE('',#1508,#1506,#187,.T.);
#1236=EDGE_CURVE('',#1508,#1509,#188,.T.);
#1237=EDGE_CURVE('',#1509,#1507,#189,.T.);
#1238=EDGE_CURVE('',#1510,#1506,#1692,.T.);
#1239=EDGE_CURVE('',#1511,#1510,#190,.T.);
#1240=EDGE_CURVE('',#1511,#1508,#1693,.T.);
#1241=EDGE_CURVE('',#1512,#1510,#191,.T.);
#1242=EDGE_CURVE('',#1513,#1512,#192,.T.);
#1243=EDGE_CURVE('',#1513,#1511,#193,.T.);
#1244=EDGE_CURVE('',#1372,#1367,#194,.T.);
#1245=EDGE_CURVE('',#1373,#1369,#195,.T.);
#1246=EDGE_CURVE('',#1374,#1484,#196,.T.);
#1247=EDGE_CURVE('',#1377,#1485,#197,.T.);
#1248=EDGE_CURVE('',#1496,#1487,#1694,.T.);
#1249=EDGE_CURVE('',#1497,#1489,#1695,.T.);
#1250=EDGE_CURVE('',#1514,#1514,#1696,.T.);
#1251=EDGE_CURVE('',#1515,#1515,#1697,.T.);
#1252=EDGE_CURVE('',#1516,#1516,#1698,.T.);
#1253=EDGE_CURVE('',#1517,#1517,#1699,.T.);
#1254=EDGE_CURVE('',#1518,#1518,#1700,.T.);
#1255=EDGE_CURVE('',#1519,#1519,#1701,.T.);
#1256=EDGE_CURVE('',#1520,#1520,#1702,.T.);
#1257=EDGE_CURVE('',#1521,#1521,#1703,.T.);
#1258=EDGE_CURVE('',#1522,#1522,#1704,.T.);
#1259=EDGE_CURVE('',#1523,#1523,#1705,.T.);
#1260=EDGE_CURVE('',#1524,#1524,#1706,.T.);
#1261=EDGE_CURVE('',#1525,#1525,#1707,.T.);
#1262=EDGE_CURVE('',#1526,#1526,#1708,.T.);
#1263=EDGE_CURVE('',#1527,#1527,#1709,.T.);
#1264=EDGE_CURVE('',#1528,#1528,#1710,.T.);
#1265=EDGE_CURVE('',#1529,#1529,#1711,.T.);
#1266=EDGE_CURVE('',#1530,#1530,#1712,.T.);
#1267=EDGE_CURVE('',#1531,#1531,#1713,.T.);
#1268=EDGE_CURVE('',#1532,#1532,#1714,.T.);
#1269=EDGE_CURVE('',#1533,#1533,#1715,.T.);
#1270=EDGE_CURVE('',#1534,#1534,#1716,.T.);
#1271=EDGE_CURVE('',#1535,#1535,#1717,.T.);
#1272=EDGE_CURVE('',#1536,#1536,#1718,.T.);
#1273=EDGE_CURVE('',#1537,#1537,#1719,.T.);
#1274=EDGE_CURVE('',#1538,#1538,#1720,.T.);
#1275=EDGE_CURVE('',#1539,#1539,#1721,.T.);
#1276=EDGE_CURVE('',#1540,#1540,#1722,.T.);
#1277=EDGE_CURVE('',#1541,#1541,#1723,.T.);
#1278=EDGE_CURVE('',#1542,#1542,#1724,.T.);
#1279=EDGE_CURVE('',#1543,#1543,#1725,.T.);
#1280=EDGE_CURVE('',#1544,#1544,#1726,.T.);
#1281=EDGE_CURVE('',#1545,#1545,#1727,.T.);
#1282=EDGE_CURVE('',#1546,#1546,#1728,.T.);
#1283=EDGE_CURVE('',#1547,#1547,#1729,.T.);
#1284=EDGE_CURVE('',#1548,#1548,#1730,.T.);
#1285=EDGE_CURVE('',#1549,#1549,#1731,.T.);
#1286=EDGE_CURVE('',#1550,#1550,#1732,.T.);
#1287=EDGE_CURVE('',#1551,#1551,#1733,.T.);
#1288=EDGE_CURVE('',#1552,#1552,#1734,.T.);
#1289=EDGE_CURVE('',#1553,#1553,#1735,.T.);
#1290=EDGE_CURVE('',#1554,#1554,#1736,.T.);
#1291=EDGE_CURVE('',#1555,#1555,#1737,.T.);
#1292=EDGE_CURVE('',#1556,#1556,#1738,.T.);
#1293=EDGE_CURVE('',#1557,#1557,#1739,.T.);
#1294=EDGE_CURVE('',#1558,#1558,#1740,.T.);
#1295=EDGE_CURVE('',#1559,#1559,#1741,.T.);
#1296=EDGE_CURVE('',#1560,#1560,#1742,.T.);
#1297=EDGE_CURVE('',#1561,#1561,#1743,.T.);
#1298=EDGE_CURVE('',#1562,#1562,#1744,.T.);
#1299=EDGE_CURVE('',#1563,#1563,#1745,.T.);
#1300=EDGE_CURVE('',#1564,#1564,#1746,.T.);
#1301=EDGE_CURVE('',#1565,#1565,#1747,.T.);
#1302=EDGE_CURVE('',#1566,#1566,#1748,.T.);
#1303=EDGE_CURVE('',#1567,#1567,#1749,.T.);
#1304=EDGE_CURVE('',#1568,#1568,#1750,.T.);
#1305=EDGE_CURVE('',#1569,#1569,#1751,.T.);
#1306=EDGE_CURVE('',#1570,#1570,#1752,.T.);
#1307=EDGE_CURVE('',#1571,#1571,#1753,.T.);
#1308=EDGE_CURVE('',#1572,#1572,#1754,.T.);
#1309=EDGE_CURVE('',#1573,#1573,#1755,.T.);
#1310=EDGE_CURVE('',#1574,#1574,#1756,.T.);
#1311=EDGE_CURVE('',#1575,#1575,#1757,.T.);
#1312=EDGE_CURVE('',#1576,#1576,#1758,.T.);
#1313=EDGE_CURVE('',#1577,#1577,#1759,.T.);
#1314=EDGE_CURVE('',#1578,#1578,#1760,.T.);
#1315=EDGE_CURVE('',#1579,#1579,#1761,.T.);
#1316=EDGE_CURVE('',#1580,#1580,#1762,.T.);
#1317=EDGE_CURVE('',#1581,#1581,#1763,.T.);
#1318=EDGE_CURVE('',#1582,#1582,#1764,.T.);
#1319=EDGE_CURVE('',#1583,#1583,#1765,.T.);
#1320=EDGE_CURVE('',#1584,#1584,#1766,.T.);
#1321=EDGE_CURVE('',#1585,#1585,#1767,.T.);
#1322=EDGE_CURVE('',#1586,#1586,#1768,.T.);
#1323=EDGE_CURVE('',#1587,#1587,#1769,.T.);
#1324=EDGE_CURVE('',#1588,#1588,#1770,.T.);
#1325=EDGE_CURVE('',#1589,#1589,#1771,.T.);
#1326=EDGE_CURVE('',#1590,#1590,#1772,.T.);
#1327=EDGE_CURVE('',#1591,#1591,#1773,.T.);
#1328=EDGE_CURVE('',#1592,#1592,#1774,.T.);
#1329=EDGE_CURVE('',#1593,#1593,#1775,.T.);
#1330=EDGE_CURVE('',#1594,#1594,#1776,.T.);
#1331=EDGE_CURVE('',#1595,#1595,#1777,.T.);
#1332=EDGE_CURVE('',#1596,#1596,#1778,.T.);
#1333=EDGE_CURVE('',#1597,#1597,#1779,.T.);
#1334=EDGE_CURVE('',#1598,#1598,#1780,.T.);
#1335=EDGE_CURVE('',#1599,#1599,#1781,.T.);
#1336=EDGE_CURVE('',#1600,#1600,#1782,.T.);
#1337=EDGE_CURVE('',#1601,#1601,#1783,.T.);
#1338=EDGE_CURVE('',#1602,#1602,#1784,.T.);
#1339=EDGE_CURVE('',#1603,#1603,#1785,.T.);
#1340=EDGE_CURVE('',#1604,#1604,#1786,.T.);
#1341=EDGE_CURVE('',#1605,#1605,#1787,.T.);
#1342=EDGE_CURVE('',#1606,#1606,#1788,.T.);
#1343=EDGE_CURVE('',#1607,#1607,#1789,.T.);
#1344=EDGE_CURVE('',#1608,#1608,#1790,.T.);
#1345=EDGE_CURVE('',#1609,#1609,#1791,.T.);
#1346=EDGE_CURVE('',#1610,#1610,#1792,.T.);
#1347=EDGE_CURVE('',#1611,#1611,#1793,.T.);
#1348=EDGE_CURVE('',#1612,#1612,#1794,.T.);
#1349=EDGE_CURVE('',#1613,#1613,#1795,.T.);
#1350=EDGE_CURVE('',#1614,#1614,#1796,.T.);
#1351=EDGE_CURVE('',#1615,#1615,#1797,.T.);
#1352=EDGE_CURVE('',#1499,#1504,#1798,.T.);
#1353=EDGE_CURVE('',#1501,#1505,#1799,.T.);
#1354=EDGE_CURVE('',#1507,#1512,#1800,.T.);
#1355=EDGE_CURVE('',#1509,#1513,#1801,.T.);
#1356=EDGE_CURVE('',#1364,#1359,#198,.T.);
#1357=EDGE_CURVE('',#1365,#1361,#199,.T.);
#1358=VERTEX_POINT('',#3733);
#1359=VERTEX_POINT('',#3734);
#1360=VERTEX_POINT('',#3736);
#1361=VERTEX_POINT('',#3738);
#1362=VERTEX_POINT('',#3742);
#1363=VERTEX_POINT('',#3744);
#1364=VERTEX_POINT('',#3748);
#1365=VERTEX_POINT('',#3750);
#1366=VERTEX_POINT('',#3754);
#1367=VERTEX_POINT('',#3755);
#1368=VERTEX_POINT('',#3757);
#1369=VERTEX_POINT('',#3759);
#1370=VERTEX_POINT('',#3763);
#1371=VERTEX_POINT('',#3765);
#1372=VERTEX_POINT('',#3769);
#1373=VERTEX_POINT('',#3771);
#1374=VERTEX_POINT('',#3775);
#1375=VERTEX_POINT('',#3776);
#1376=VERTEX_POINT('',#3778);
#1377=VERTEX_POINT('',#3780);
#1378=VERTEX_POINT('',#3784);
#1379=VERTEX_POINT('',#3786);
#1380=VERTEX_POINT('',#3790);
#1381=VERTEX_POINT('',#3792);
#1382=VERTEX_POINT('',#3796);
#1383=VERTEX_POINT('',#3798);
#1384=VERTEX_POINT('',#3802);
#1385=VERTEX_POINT('',#3804);
#1386=VERTEX_POINT('',#3808);
#1387=VERTEX_POINT('',#3810);
#1388=VERTEX_POINT('',#3814);
#1389=VERTEX_POINT('',#3816);
#1390=VERTEX_POINT('',#3820);
#1391=VERTEX_POINT('',#3822);
#1392=VERTEX_POINT('',#3826);
#1393=VERTEX_POINT('',#3828);
#1394=VERTEX_POINT('',#3832);
#1395=VERTEX_POINT('',#3834);
#1396=VERTEX_POINT('',#3838);
#1397=VERTEX_POINT('',#3840);
#1398=VERTEX_POINT('',#3844);
#1399=VERTEX_POINT('',#3846);
#1400=VERTEX_POINT('',#3850);
#1401=VERTEX_POINT('',#3852);
#1402=VERTEX_POINT('',#3856);
#1403=VERTEX_POINT('',#3858);
#1404=VERTEX_POINT('',#3862);
#1405=VERTEX_POINT('',#3864);
#1406=VERTEX_POINT('',#3868);
#1407=VERTEX_POINT('',#3870);
#1408=VERTEX_POINT('',#3874);
#1409=VERTEX_POINT('',#3876);
#1410=VERTEX_POINT('',#3880);
#1411=VERTEX_POINT('',#3882);
#1412=VERTEX_POINT('',#3886);
#1413=VERTEX_POINT('',#3888);
#1414=VERTEX_POINT('',#3892);
#1415=VERTEX_POINT('',#3894);
#1416=VERTEX_POINT('',#3898);
#1417=VERTEX_POINT('',#3900);
#1418=VERTEX_POINT('',#3904);
#1419=VERTEX_POINT('',#3906);
#1420=VERTEX_POINT('',#3910);
#1421=VERTEX_POINT('',#3912);
#1422=VERTEX_POINT('',#3916);
#1423=VERTEX_POINT('',#3918);
#1424=VERTEX_POINT('',#3922);
#1425=VERTEX_POINT('',#3924);
#1426=VERTEX_POINT('',#3928);
#1427=VERTEX_POINT('',#3930);
#1428=VERTEX_POINT('',#3934);
#1429=VERTEX_POINT('',#3936);
#1430=VERTEX_POINT('',#3940);
#1431=VERTEX_POINT('',#3942);
#1432=VERTEX_POINT('',#3946);
#1433=VERTEX_POINT('',#3948);
#1434=VERTEX_POINT('',#3952);
#1435=VERTEX_POINT('',#3954);
#1436=VERTEX_POINT('',#3958);
#1437=VERTEX_POINT('',#3960);
#1438=VERTEX_POINT('',#3964);
#1439=VERTEX_POINT('',#3966);
#1440=VERTEX_POINT('',#3970);
#1441=VERTEX_POINT('',#3972);
#1442=VERTEX_POINT('',#3976);
#1443=VERTEX_POINT('',#3978);
#1444=VERTEX_POINT('',#3982);
#1445=VERTEX_POINT('',#3984);
#1446=VERTEX_POINT('',#3988);
#1447=VERTEX_POINT('',#3990);
#1448=VERTEX_POINT('',#3994);
#1449=VERTEX_POINT('',#3996);
#1450=VERTEX_POINT('',#4000);
#1451=VERTEX_POINT('',#4002);
#1452=VERTEX_POINT('',#4006);
#1453=VERTEX_POINT('',#4008);
#1454=VERTEX_POINT('',#4012);
#1455=VERTEX_POINT('',#4014);
#1456=VERTEX_POINT('',#4018);
#1457=VERTEX_POINT('',#4020);
#1458=VERTEX_POINT('',#4024);
#1459=VERTEX_POINT('',#4026);
#1460=VERTEX_POINT('',#4030);
#1461=VERTEX_POINT('',#4032);
#1462=VERTEX_POINT('',#4036);
#1463=VERTEX_POINT('',#4038);
#1464=VERTEX_POINT('',#4042);
#1465=VERTEX_POINT('',#4044);
#1466=VERTEX_POINT('',#4048);
#1467=VERTEX_POINT('',#4050);
#1468=VERTEX_POINT('',#4054);
#1469=VERTEX_POINT('',#4056);
#1470=VERTEX_POINT('',#4060);
#1471=VERTEX_POINT('',#4062);
#1472=VERTEX_POINT('',#4066);
#1473=VERTEX_POINT('',#4068);
#1474=VERTEX_POINT('',#4072);
#1475=VERTEX_POINT('',#4074);
#1476=VERTEX_POINT('',#4078);
#1477=VERTEX_POINT('',#4080);
#1478=VERTEX_POINT('',#4084);
#1479=VERTEX_POINT('',#4086);
#1480=VERTEX_POINT('',#4090);
#1481=VERTEX_POINT('',#4092);
#1482=VERTEX_POINT('',#4096);
#1483=VERTEX_POINT('',#4098);
#1484=VERTEX_POINT('',#4102);
#1485=VERTEX_POINT('',#4104);
#1486=VERTEX_POINT('',#4108);
#1487=VERTEX_POINT('',#4109);
#1488=VERTEX_POINT('',#4111);
#1489=VERTEX_POINT('',#4113);
#1490=VERTEX_POINT('',#4117);
#1491=VERTEX_POINT('',#4119);
#1492=VERTEX_POINT('',#4123);
#1493=VERTEX_POINT('',#4125);
#1494=VERTEX_POINT('',#4129);
#1495=VERTEX_POINT('',#4131);
#1496=VERTEX_POINT('',#4135);
#1497=VERTEX_POINT('',#4137);
#1498=VERTEX_POINT('',#4141);
#1499=VERTEX_POINT('',#4142);
#1500=VERTEX_POINT('',#4144);
#1501=VERTEX_POINT('',#4146);
#1502=VERTEX_POINT('',#4150);
#1503=VERTEX_POINT('',#4152);
#1504=VERTEX_POINT('',#4156);
#1505=VERTEX_POINT('',#4158);
#1506=VERTEX_POINT('',#4162);
#1507=VERTEX_POINT('',#4163);
#1508=VERTEX_POINT('',#4165);
#1509=VERTEX_POINT('',#4167);
#1510=VERTEX_POINT('',#4171);
#1511=VERTEX_POINT('',#4173);
#1512=VERTEX_POINT('',#4177);
#1513=VERTEX_POINT('',#4179);
#1514=VERTEX_POINT('',#4192);
#1515=VERTEX_POINT('',#4194);
#1516=VERTEX_POINT('',#4197);
#1517=VERTEX_POINT('',#4199);
#1518=VERTEX_POINT('',#4202);
#1519=VERTEX_POINT('',#4204);
#1520=VERTEX_POINT('',#4207);
#1521=VERTEX_POINT('',#4209);
#1522=VERTEX_POINT('',#4212);
#1523=VERTEX_POINT('',#4214);
#1524=VERTEX_POINT('',#4217);
#1525=VERTEX_POINT('',#4219);
#1526=VERTEX_POINT('',#4222);
#1527=VERTEX_POINT('',#4224);
#1528=VERTEX_POINT('',#4227);
#1529=VERTEX_POINT('',#4229);
#1530=VERTEX_POINT('',#4232);
#1531=VERTEX_POINT('',#4234);
#1532=VERTEX_POINT('',#4237);
#1533=VERTEX_POINT('',#4239);
#1534=VERTEX_POINT('',#4242);
#1535=VERTEX_POINT('',#4244);
#1536=VERTEX_POINT('',#4247);
#1537=VERTEX_POINT('',#4249);
#1538=VERTEX_POINT('',#4252);
#1539=VERTEX_POINT('',#4254);
#1540=VERTEX_POINT('',#4257);
#1541=VERTEX_POINT('',#4259);
#1542=VERTEX_POINT('',#4262);
#1543=VERTEX_POINT('',#4264);
#1544=VERTEX_POINT('',#4267);
#1545=VERTEX_POINT('',#4269);
#1546=VERTEX_POINT('',#4272);
#1547=VERTEX_POINT('',#4274);
#1548=VERTEX_POINT('',#4277);
#1549=VERTEX_POINT('',#4279);
#1550=VERTEX_POINT('',#4282);
#1551=VERTEX_POINT('',#4284);
#1552=VERTEX_POINT('',#4287);
#1553=VERTEX_POINT('',#4289);
#1554=VERTEX_POINT('',#4292);
#1555=VERTEX_POINT('',#4294);
#1556=VERTEX_POINT('',#4297);
#1557=VERTEX_POINT('',#4299);
#1558=VERTEX_POINT('',#4302);
#1559=VERTEX_POINT('',#4304);
#1560=VERTEX_POINT('',#4307);
#1561=VERTEX_POINT('',#4309);
#1562=VERTEX_POINT('',#4312);
#1563=VERTEX_POINT('',#4314);
#1564=VERTEX_POINT('',#4317);
#1565=VERTEX_POINT('',#4319);
#1566=VERTEX_POINT('',#4322);
#1567=VERTEX_POINT('',#4324);
#1568=VERTEX_POINT('',#4327);
#1569=VERTEX_POINT('',#4329);
#1570=VERTEX_POINT('',#4332);
#1571=VERTEX_POINT('',#4334);
#1572=VERTEX_POINT('',#4337);
#1573=VERTEX_POINT('',#4339);
#1574=VERTEX_POINT('',#4342);
#1575=VERTEX_POINT('',#4344);
#1576=VERTEX_POINT('',#4347);
#1577=VERTEX_POINT('',#4349);
#1578=VERTEX_POINT('',#4352);
#1579=VERTEX_POINT('',#4354);
#1580=VERTEX_POINT('',#4357);
#1581=VERTEX_POINT('',#4359);
#1582=VERTEX_POINT('',#4362);
#1583=VERTEX_POINT('',#4364);
#1584=VERTEX_POINT('',#4367);
#1585=VERTEX_POINT('',#4369);
#1586=VERTEX_POINT('',#4372);
#1587=VERTEX_POINT('',#4374);
#1588=VERTEX_POINT('',#4377);
#1589=VERTEX_POINT('',#4379);
#1590=VERTEX_POINT('',#4382);
#1591=VERTEX_POINT('',#4384);
#1592=VERTEX_POINT('',#4387);
#1593=VERTEX_POINT('',#4389);
#1594=VERTEX_POINT('',#4392);
#1595=VERTEX_POINT('',#4394);
#1596=VERTEX_POINT('',#4397);
#1597=VERTEX_POINT('',#4399);
#1598=VERTEX_POINT('',#4402);
#1599=VERTEX_POINT('',#4404);
#1600=VERTEX_POINT('',#4407);
#1601=VERTEX_POINT('',#4409);
#1602=VERTEX_POINT('',#4412);
#1603=VERTEX_POINT('',#4414);
#1604=VERTEX_POINT('',#4417);
#1605=VERTEX_POINT('',#4419);
#1606=VERTEX_POINT('',#4422);
#1607=VERTEX_POINT('',#4424);
#1608=VERTEX_POINT('',#4427);
#1609=VERTEX_POINT('',#4429);
#1610=VERTEX_POINT('',#4432);
#1611=VERTEX_POINT('',#4434);
#1612=VERTEX_POINT('',#4437);
#1613=VERTEX_POINT('',#4439);
#1614=VERTEX_POINT('',#4442);
#1615=VERTEX_POINT('',#4444);
#1616=CIRCLE('',#2628,0.00155);
#1617=CIRCLE('',#2629,0.00155);
#1618=CIRCLE('',#2632,0.00155);
#1619=CIRCLE('',#2633,0.00155);
#1620=CIRCLE('',#2635,0.00155);
#1621=CIRCLE('',#2636,0.00155);
#1622=CIRCLE('',#2639,0.00155);
#1623=CIRCLE('',#2640,0.00155);
#1624=CIRCLE('',#2642,0.00100000000000001);
#1625=CIRCLE('',#2643,0.00100000000000001);
#1626=CIRCLE('',#2646,0.00100000000000001);
#1627=CIRCLE('',#2647,0.00100000000000001);
#1628=CIRCLE('',#2650,0.00155);
#1629=CIRCLE('',#2651,0.00155);
#1630=CIRCLE('',#2654,0.00100000000000001);
#1631=CIRCLE('',#2655,0.00100000000000001);
#1632=CIRCLE('',#2658,0.0025);
#1633=CIRCLE('',#2659,0.0025);
#1634=CIRCLE('',#2662,0.0025);
#1635=CIRCLE('',#2663,0.0025);
#1636=CIRCLE('',#2665,0.012);
#1637=CIRCLE('',#2666,0.012);
#1638=CIRCLE('',#2669,0.012);
#1639=CIRCLE('',#2670,0.012);
#1640=CIRCLE('',#2673,0.012);
#1641=CIRCLE('',#2674,0.012);
#1642=CIRCLE('',#2676,0.0025);
#1643=CIRCLE('',#2677,0.0025);
#1644=CIRCLE('',#2680,0.0025);
#1645=CIRCLE('',#2681,0.0025);
#1646=CIRCLE('',#2684,0.001);
#1647=CIRCLE('',#2685,0.001);
#1648=CIRCLE('',#2688,0.00155);
#1649=CIRCLE('',#2689,0.00155);
#1650=CIRCLE('',#2692,0.001);
#1651=CIRCLE('',#2693,0.001);
#1652=CIRCLE('',#2696,0.0075);
#1653=CIRCLE('',#2697,0.0075);
#1654=CIRCLE('',#2700,0.0075);
#1655=CIRCLE('',#2701,0.0075);
#1656=CIRCLE('',#2704,0.0075);
#1657=CIRCLE('',#2705,0.0075);
#1658=CIRCLE('',#2708,0.0075);
#1659=CIRCLE('',#2709,0.0075);
#1660=CIRCLE('',#2712,0.001);
#1661=CIRCLE('',#2713,0.001);
#1662=CIRCLE('',#2716,0.00155);
#1663=CIRCLE('',#2717,0.00155);
#1664=CIRCLE('',#2720,0.001);
#1665=CIRCLE('',#2721,0.001);
#1666=CIRCLE('',#2724,0.0025);
#1667=CIRCLE('',#2725,0.0025);
#1668=CIRCLE('',#2728,0.0025);
#1669=CIRCLE('',#2729,0.0025);
#1670=CIRCLE('',#2731,0.012);
#1671=CIRCLE('',#2732,0.012);
#1672=CIRCLE('',#2735,0.012);
#1673=CIRCLE('',#2736,0.012);
#1674=CIRCLE('',#2739,0.012);
#1675=CIRCLE('',#2740,0.012);
#1676=CIRCLE('',#2742,0.0025);
#1677=CIRCLE('',#2743,0.0025);
#1678=CIRCLE('',#2746,0.0025);
#1679=CIRCLE('',#2747,0.0025);
#1680=CIRCLE('',#2750,0.00100000000000001);
#1681=CIRCLE('',#2751,0.00100000000000001);
#1682=CIRCLE('',#2754,0.00155);
#1683=CIRCLE('',#2755,0.00155);
#1684=CIRCLE('',#2757,0.012);
#1685=CIRCLE('',#2758,0.012);
#1686=CIRCLE('',#2760,0.0025);
#1687=CIRCLE('',#2761,0.0025);
#1688=CIRCLE('',#2764,0.002);
#1689=CIRCLE('',#2765,0.002);
#1690=CIRCLE('',#2769,0.00155);
#1691=CIRCLE('',#2770,0.00155);
#1692=CIRCLE('',#2774,0.00155);
#1693=CIRCLE('',#2775,0.00155);
#1694=CIRCLE('',#2780,0.00250000000000004);
#1695=CIRCLE('',#2781,0.00250000000000004);
#1696=CIRCLE('',#2783,0.00205);
#1697=CIRCLE('',#2784,0.00205);
#1698=CIRCLE('',#2786,0.00205);
#1699=CIRCLE('',#2787,0.00205);
#1700=CIRCLE('',#2789,0.00205);
#1701=CIRCLE('',#2790,0.00205);
#1702=CIRCLE('',#2792,0.00205);
#1703=CIRCLE('',#2793,0.00205);
#1704=CIRCLE('',#2795,0.00205);
#1705=CIRCLE('',#2796,0.00205);
#1706=CIRCLE('',#2798,0.00205);
#1707=CIRCLE('',#2799,0.00205);
#1708=CIRCLE('',#2801,0.00205);
#1709=CIRCLE('',#2802,0.00205);
#1710=CIRCLE('',#2804,0.00205);
#1711=CIRCLE('',#2805,0.00205);
#1712=CIRCLE('',#2807,0.00205);
#1713=CIRCLE('',#2808,0.00205);
#1714=CIRCLE('',#2810,0.00155);
#1715=CIRCLE('',#2811,0.00155);
#1716=CIRCLE('',#2813,0.00155);
#1717=CIRCLE('',#2814,0.00155);
#1718=CIRCLE('',#2816,0.00155);
#1719=CIRCLE('',#2817,0.00155);
#1720=CIRCLE('',#2819,0.00155);
#1721=CIRCLE('',#2820,0.00155);
#1722=CIRCLE('',#2822,0.00155);
#1723=CIRCLE('',#2823,0.00155);
#1724=CIRCLE('',#2825,0.00155);
#1725=CIRCLE('',#2826,0.00155);
#1726=CIRCLE('',#2828,0.00205);
#1727=CIRCLE('',#2829,0.00205);
#1728=CIRCLE('',#2831,0.012);
#1729=CIRCLE('',#2832,0.012);
#1730=CIRCLE('',#2834,0.012);
#1731=CIRCLE('',#2835,0.012);
#1732=CIRCLE('',#2837,0.0031);
#1733=CIRCLE('',#2838,0.0031);
#1734=CIRCLE('',#2840,0.0031);
#1735=CIRCLE('',#2841,0.0031);
#1736=CIRCLE('',#2843,0.00155);
#1737=CIRCLE('',#2844,0.00155);
#1738=CIRCLE('',#2846,0.00155);
#1739=CIRCLE('',#2847,0.00155);
#1740=CIRCLE('',#2849,0.00205);
#1741=CIRCLE('',#2850,0.00205);
#1742=CIRCLE('',#2852,0.00205);
#1743=CIRCLE('',#2853,0.00205);
#1744=CIRCLE('',#2855,0.00205);
#1745=CIRCLE('',#2856,0.00205);
#1746=CIRCLE('',#2858,0.00205);
#1747=CIRCLE('',#2859,0.00205);
#1748=CIRCLE('',#2861,0.00205);
#1749=CIRCLE('',#2862,0.00205);
#1750=CIRCLE('',#2864,0.00205);
#1751=CIRCLE('',#2865,0.00205);
#1752=CIRCLE('',#2867,0.00205);
#1753=CIRCLE('',#2868,0.00205);
#1754=CIRCLE('',#2870,0.00205);
#1755=CIRCLE('',#2871,0.00205);
#1756=CIRCLE('',#2873,0.0041);
#1757=CIRCLE('',#2874,0.0041);
#1758=CIRCLE('',#2876,0.0041);
#1759=CIRCLE('',#2877,0.0041);
#1760=CIRCLE('',#2879,0.0041);
#1761=CIRCLE('',#2880,0.0041);
#1762=CIRCLE('',#2882,0.0041);
#1763=CIRCLE('',#2883,0.0041);
#1764=CIRCLE('',#2885,0.0031);
#1765=CIRCLE('',#2886,0.0031);
#1766=CIRCLE('',#2888,0.0031);
#1767=CIRCLE('',#2889,0.0031);
#1768=CIRCLE('',#2891,0.0018);
#1769=CIRCLE('',#2892,0.0018);
#1770=CIRCLE('',#2894,0.0018);
#1771=CIRCLE('',#2895,0.0018);
#1772=CIRCLE('',#2897,0.0031);
#1773=CIRCLE('',#2898,0.0031);
#1774=CIRCLE('',#2900,0.0031);
#1775=CIRCLE('',#2901,0.0031);
#1776=CIRCLE('',#2903,0.0031);
#1777=CIRCLE('',#2904,0.0031);
#1778=CIRCLE('',#2906,0.0031);
#1779=CIRCLE('',#2907,0.0031);
#1780=CIRCLE('',#2909,0.00155);
#1781=CIRCLE('',#2910,0.00155);
#1782=CIRCLE('',#2912,0.00155);
#1783=CIRCLE('',#2913,0.00155);
#1784=CIRCLE('',#2915,0.00155);
#1785=CIRCLE('',#2916,0.00155);
#1786=CIRCLE('',#2918,0.00155);
#1787=CIRCLE('',#2919,0.00155);
#1788=CIRCLE('',#2921,0.00155);
#1789=CIRCLE('',#2922,0.00155);
#1790=CIRCLE('',#2924,0.00155);
#1791=CIRCLE('',#2925,0.00155);
#1792=CIRCLE('',#2927,0.00155);
#1793=CIRCLE('',#2928,0.00155);
#1794=CIRCLE('',#2930,0.00155);
#1795=CIRCLE('',#2931,0.00155);
#1796=CIRCLE('',#2933,0.012);
#1797=CIRCLE('',#2934,0.012);
#1798=CIRCLE('',#2936,0.00155);
#1799=CIRCLE('',#2937,0.00155);
#1800=CIRCLE('',#2939,0.00155);
#1801=CIRCLE('',#2940,0.00155);
#1802=EDGE_LOOP('',(#350,#351,#352,#353));
#1803=EDGE_LOOP('',(#354,#355,#356,#357));
#1804=EDGE_LOOP('',(#358,#359,#360,#361));
#1805=EDGE_LOOP('',(#362,#363,#364,#365));
#1806=EDGE_LOOP('',(#366,#367,#368,#369));
#1807=EDGE_LOOP('',(#370,#371,#372,#373));
#1808=EDGE_LOOP('',(#374,#375,#376,#377));
#1809=EDGE_LOOP('',(#378,#379,#380,#381));
#1810=EDGE_LOOP('',(#382,#383,#384,#385));
#1811=EDGE_LOOP('',(#386,#387,#388,#389));
#1812=EDGE_LOOP('',(#390,#391,#392,#393));
#1813=EDGE_LOOP('',(#394,#395,#396,#397));
#1814=EDGE_LOOP('',(#398,#399,#400,#401));
#1815=EDGE_LOOP('',(#402,#403,#404,#405));
#1816=EDGE_LOOP('',(#406,#407,#408,#409));
#1817=EDGE_LOOP('',(#410,#411,#412,#413));
#1818=EDGE_LOOP('',(#414,#415,#416,#417));
#1819=EDGE_LOOP('',(#418,#419,#420,#421));
#1820=EDGE_LOOP('',(#422,#423,#424,#425));
#1821=EDGE_LOOP('',(#426,#427,#428,#429));
#1822=EDGE_LOOP('',(#430,#431,#432,#433));
#1823=EDGE_LOOP('',(#434,#435,#436,#437));
#1824=EDGE_LOOP('',(#438,#439,#440,#441));
#1825=EDGE_LOOP('',(#442,#443,#444,#445));
#1826=EDGE_LOOP('',(#446,#447,#448,#449));
#1827=EDGE_LOOP('',(#450,#451,#452,#453));
#1828=EDGE_LOOP('',(#454,#455,#456,#457));
#1829=EDGE_LOOP('',(#458,#459,#460,#461));
#1830=EDGE_LOOP('',(#462,#463,#464,#465));
#1831=EDGE_LOOP('',(#466,#467,#468,#469));
#1832=EDGE_LOOP('',(#470,#471,#472,#473));
#1833=EDGE_LOOP('',(#474,#475,#476,#477));
#1834=EDGE_LOOP('',(#478,#479,#480,#481));
#1835=EDGE_LOOP('',(#482,#483,#484,#485));
#1836=EDGE_LOOP('',(#486,#487,#488,#489));
#1837=EDGE_LOOP('',(#490,#491,#492,#493));
#1838=EDGE_LOOP('',(#494,#495,#496,#497));
#1839=EDGE_LOOP('',(#498,#499,#500,#501));
#1840=EDGE_LOOP('',(#502,#503,#504,#505));
#1841=EDGE_LOOP('',(#506,#507,#508,#509));
#1842=EDGE_LOOP('',(#510,#511,#512,#513));
#1843=EDGE_LOOP('',(#514,#515,#516,#517));
#1844=EDGE_LOOP('',(#518,#519,#520,#521));
#1845=EDGE_LOOP('',(#522,#523,#524,#525));
#1846=EDGE_LOOP('',(#526,#527,#528,#529));
#1847=EDGE_LOOP('',(#530,#531,#532,#533));
#1848=EDGE_LOOP('',(#534,#535,#536,#537));
#1849=EDGE_LOOP('',(#538,#539,#540,#541));
#1850=EDGE_LOOP('',(#542,#543,#544,#545));
#1851=EDGE_LOOP('',(#546,#547,#548,#549));
#1852=EDGE_LOOP('',(#550,#551,#552,#553));
#1853=EDGE_LOOP('',(#554,#555,#556,#557));
#1854=EDGE_LOOP('',(#558,#559,#560,#561));
#1855=EDGE_LOOP('',(#562,#563,#564,#565));
#1856=EDGE_LOOP('',(#566,#567,#568,#569));
#1857=EDGE_LOOP('',(#570,#571,#572,#573));
#1858=EDGE_LOOP('',(#574,#575,#576,#577));
#1859=EDGE_LOOP('',(#578,#579,#580,#581));
#1860=EDGE_LOOP('',(#582,#583,#584,#585));
#1861=EDGE_LOOP('',(#586,#587,#588,#589));
#1862=EDGE_LOOP('',(#590,#591,#592,#593));
#1863=EDGE_LOOP('',(#594,#595,#596,#597));
#1864=EDGE_LOOP('',(#598,#599,#600,#601));
#1865=EDGE_LOOP('',(#602,#603,#604,#605));
#1866=EDGE_LOOP('',(#606,#607,#608,#609));
#1867=EDGE_LOOP('',(#610,#611,#612,#613));
#1868=EDGE_LOOP('',(#614,#615,#616,#617));
#1869=EDGE_LOOP('',(#618,#619,#620,#621));
#1870=EDGE_LOOP('',(#622,#623,#624,#625));
#1871=EDGE_LOOP('',(#626,#627,#628,#629));
#1872=EDGE_LOOP('',(#630,#631,#632,#633));
#1873=EDGE_LOOP('',(#634,#635,#636,#637));
#1874=EDGE_LOOP('',(#638,#639,#640,#641));
#1875=EDGE_LOOP('',(#642,#643,#644,#645));
#1876=EDGE_LOOP('',(#646,#647,#648,#649));
#1877=EDGE_LOOP('',(#650));
#1878=EDGE_LOOP('',(#651));
#1879=EDGE_LOOP('',(#652));
#1880=EDGE_LOOP('',(#653));
#1881=EDGE_LOOP('',(#654));
#1882=EDGE_LOOP('',(#655));
#1883=EDGE_LOOP('',(#656));
#1884=EDGE_LOOP('',(#657));
#1885=EDGE_LOOP('',(#658));
#1886=EDGE_LOOP('',(#659));
#1887=EDGE_LOOP('',(#660));
#1888=EDGE_LOOP('',(#661));
#1889=EDGE_LOOP('',(#662));
#1890=EDGE_LOOP('',(#663));
#1891=EDGE_LOOP('',(#664));
#1892=EDGE_LOOP('',(#665));
#1893=EDGE_LOOP('',(#666));
#1894=EDGE_LOOP('',(#667));
#1895=EDGE_LOOP('',(#668));
#1896=EDGE_LOOP('',(#669));
#1897=EDGE_LOOP('',(#670));
#1898=EDGE_LOOP('',(#671));
#1899=EDGE_LOOP('',(#672));
#1900=EDGE_LOOP('',(#673));
#1901=EDGE_LOOP('',(#674));
#1902=EDGE_LOOP('',(#675));
#1903=EDGE_LOOP('',(#676));
#1904=EDGE_LOOP('',(#677));
#1905=EDGE_LOOP('',(#678));
#1906=EDGE_LOOP('',(#679));
#1907=EDGE_LOOP('',(#680));
#1908=EDGE_LOOP('',(#681));
#1909=EDGE_LOOP('',(#682));
#1910=EDGE_LOOP('',(#683));
#1911=EDGE_LOOP('',(#684));
#1912=EDGE_LOOP('',(#685));
#1913=EDGE_LOOP('',(#686));
#1914=EDGE_LOOP('',(#687));
#1915=EDGE_LOOP('',(#688));
#1916=EDGE_LOOP('',(#689));
#1917=EDGE_LOOP('',(#690));
#1918=EDGE_LOOP('',(#691));
#1919=EDGE_LOOP('',(#692));
#1920=EDGE_LOOP('',(#693));
#1921=EDGE_LOOP('',(#694));
#1922=EDGE_LOOP('',(#695));
#1923=EDGE_LOOP('',(#696));
#1924=EDGE_LOOP('',(#697));
#1925=EDGE_LOOP('',(#698));
#1926=EDGE_LOOP('',(#699));
#1927=EDGE_LOOP('',(#700));
#1928=EDGE_LOOP('',(#701));
#1929=EDGE_LOOP('',(#702));
#1930=EDGE_LOOP('',(#703));
#1931=EDGE_LOOP('',(#704));
#1932=EDGE_LOOP('',(#705));
#1933=EDGE_LOOP('',(#706));
#1934=EDGE_LOOP('',(#707));
#1935=EDGE_LOOP('',(#708));
#1936=EDGE_LOOP('',(#709));
#1937=EDGE_LOOP('',(#710));
#1938=EDGE_LOOP('',(#711));
#1939=EDGE_LOOP('',(#712));
#1940=EDGE_LOOP('',(#713));
#1941=EDGE_LOOP('',(#714));
#1942=EDGE_LOOP('',(#715));
#1943=EDGE_LOOP('',(#716));
#1944=EDGE_LOOP('',(#717));
#1945=EDGE_LOOP('',(#718));
#1946=EDGE_LOOP('',(#719));
#1947=EDGE_LOOP('',(#720));
#1948=EDGE_LOOP('',(#721));
#1949=EDGE_LOOP('',(#722));
#1950=EDGE_LOOP('',(#723));
#1951=EDGE_LOOP('',(#724));
#1952=EDGE_LOOP('',(#725));
#1953=EDGE_LOOP('',(#726));
#1954=EDGE_LOOP('',(#727));
#1955=EDGE_LOOP('',(#728));
#1956=EDGE_LOOP('',(#729));
#1957=EDGE_LOOP('',(#730));
#1958=EDGE_LOOP('',(#731));
#1959=EDGE_LOOP('',(#732));
#1960=EDGE_LOOP('',(#733));
#1961=EDGE_LOOP('',(#734));
#1962=EDGE_LOOP('',(#735));
#1963=EDGE_LOOP('',(#736));
#1964=EDGE_LOOP('',(#737));
#1965=EDGE_LOOP('',(#738));
#1966=EDGE_LOOP('',(#739));
#1967=EDGE_LOOP('',(#740));
#1968=EDGE_LOOP('',(#741));
#1969=EDGE_LOOP('',(#742));
#1970=EDGE_LOOP('',(#743));
#1971=EDGE_LOOP('',(#744));
#1972=EDGE_LOOP('',(#745));
#1973=EDGE_LOOP('',(#746));
#1974=EDGE_LOOP('',(#747));
#1975=EDGE_LOOP('',(#748));
#1976=EDGE_LOOP('',(#749));
#1977=EDGE_LOOP('',(#750));
#1978=EDGE_LOOP('',(#751));
#1979=EDGE_LOOP('',(#752,#753,#754,#755));
#1980=EDGE_LOOP('',(#756,#757,#758,#759));
#1981=EDGE_LOOP('',(#760,#761,#762,#763));
#1982=EDGE_LOOP('',(#764,#765,#766,#767));
#1983=EDGE_LOOP('',(#768,#769,#770,#771));
#1984=EDGE_LOOP('',(#772));
#1985=EDGE_LOOP('',(#773));
#1986=EDGE_LOOP('',(#774));
#1987=EDGE_LOOP('',(#775));
#1988=EDGE_LOOP('',(#776));
#1989=EDGE_LOOP('',(#777));
#1990=EDGE_LOOP('',(#778));
#1991=EDGE_LOOP('',(#779));
#1992=EDGE_LOOP('',(#780));
#1993=EDGE_LOOP('',(#781));
#1994=EDGE_LOOP('',(#782));
#1995=EDGE_LOOP('',(#783));
#1996=EDGE_LOOP('',(#784));
#1997=EDGE_LOOP('',(#785));
#1998=EDGE_LOOP('',(#786));
#1999=EDGE_LOOP('',(#787));
#2000=EDGE_LOOP('',(#788));
#2001=EDGE_LOOP('',(#789));
#2002=EDGE_LOOP('',(#790));
#2003=EDGE_LOOP('',(#791));
#2004=EDGE_LOOP('',(#792));
#2005=EDGE_LOOP('',(#793));
#2006=EDGE_LOOP('',(#794));
#2007=EDGE_LOOP('',(#795));
#2008=EDGE_LOOP('',(#796));
#2009=EDGE_LOOP('',(#797));
#2010=EDGE_LOOP('',(#798));
#2011=EDGE_LOOP('',(#799));
#2012=EDGE_LOOP('',(#800));
#2013=EDGE_LOOP('',(#801));
#2014=EDGE_LOOP('',(#802));
#2015=EDGE_LOOP('',(#803));
#2016=EDGE_LOOP('',(#804));
#2017=EDGE_LOOP('',(#805));
#2018=EDGE_LOOP('',(#806));
#2019=EDGE_LOOP('',(#807));
#2020=EDGE_LOOP('',(#808));
#2021=EDGE_LOOP('',(#809));
#2022=EDGE_LOOP('',(#810));
#2023=EDGE_LOOP('',(#811));
#2024=EDGE_LOOP('',(#812));
#2025=EDGE_LOOP('',(#813));
#2026=EDGE_LOOP('',(#814));
#2027=EDGE_LOOP('',(#815));
#2028=EDGE_LOOP('',(#816));
#2029=EDGE_LOOP('',(#817));
#2030=EDGE_LOOP('',(#818));
#2031=EDGE_LOOP('',(#819));
#2032=EDGE_LOOP('',(#820));
#2033=EDGE_LOOP('',(#821));
#2034=EDGE_LOOP('',(#822));
#2035=EDGE_LOOP('',(#823,#824,#825,#826,#827,#828));
#2036=EDGE_LOOP('',(#829,#830,#831,#832,#833,#834,#835,#836,#837,#838,#839,
#840,#841,#842,#843,#844,#845,#846,#847,#848,#849,#850,#851,#852,#853,#854,
#855,#856,#857,#858,#859,#860,#861,#862,#863,#864,#865,#866,#867,#868,#869,
#870,#871,#872,#873,#874,#875,#876,#877,#878,#879,#880,#881,#882,#883,#884));
#2037=EDGE_LOOP('',(#885,#886,#887,#888));
#2038=EDGE_LOOP('',(#889,#890,#891,#892));
#2039=EDGE_LOOP('',(#893,#894,#895,#896));
#2040=EDGE_LOOP('',(#897,#898,#899,#900));
#2041=EDGE_LOOP('',(#901));
#2042=EDGE_LOOP('',(#902));
#2043=EDGE_LOOP('',(#903));
#2044=EDGE_LOOP('',(#904));
#2045=EDGE_LOOP('',(#905));
#2046=EDGE_LOOP('',(#906));
#2047=EDGE_LOOP('',(#907));
#2048=EDGE_LOOP('',(#908));
#2049=EDGE_LOOP('',(#909));
#2050=EDGE_LOOP('',(#910));
#2051=EDGE_LOOP('',(#911));
#2052=EDGE_LOOP('',(#912));
#2053=EDGE_LOOP('',(#913));
#2054=EDGE_LOOP('',(#914));
#2055=EDGE_LOOP('',(#915));
#2056=EDGE_LOOP('',(#916));
#2057=EDGE_LOOP('',(#917));
#2058=EDGE_LOOP('',(#918));
#2059=EDGE_LOOP('',(#919));
#2060=EDGE_LOOP('',(#920));
#2061=EDGE_LOOP('',(#921));
#2062=EDGE_LOOP('',(#922));
#2063=EDGE_LOOP('',(#923));
#2064=EDGE_LOOP('',(#924));
#2065=EDGE_LOOP('',(#925));
#2066=EDGE_LOOP('',(#926));
#2067=EDGE_LOOP('',(#927));
#2068=EDGE_LOOP('',(#928));
#2069=EDGE_LOOP('',(#929));
#2070=EDGE_LOOP('',(#930));
#2071=EDGE_LOOP('',(#931));
#2072=EDGE_LOOP('',(#932));
#2073=EDGE_LOOP('',(#933));
#2074=EDGE_LOOP('',(#934));
#2075=EDGE_LOOP('',(#935));
#2076=EDGE_LOOP('',(#936));
#2077=EDGE_LOOP('',(#937));
#2078=EDGE_LOOP('',(#938));
#2079=EDGE_LOOP('',(#939));
#2080=EDGE_LOOP('',(#940));
#2081=EDGE_LOOP('',(#941));
#2082=EDGE_LOOP('',(#942));
#2083=EDGE_LOOP('',(#943));
#2084=EDGE_LOOP('',(#944));
#2085=EDGE_LOOP('',(#945));
#2086=EDGE_LOOP('',(#946));
#2087=EDGE_LOOP('',(#947));
#2088=EDGE_LOOP('',(#948));
#2089=EDGE_LOOP('',(#949));
#2090=EDGE_LOOP('',(#950));
#2091=EDGE_LOOP('',(#951));
#2092=EDGE_LOOP('',(#952,#953,#954,#955,#956,#957));
#2093=EDGE_LOOP('',(#958,#959,#960,#961,#962,#963,#964,#965,#966,#967,#968,
#969,#970,#971,#972,#973,#974,#975,#976,#977,#978,#979,#980,#981,#982,#983,
#984,#985,#986,#987,#988,#989,#990,#991,#992,#993,#994,#995,#996,#997,#998,
#999,#1000,#1001,#1002,#1003,#1004,#1005,#1006,#1007,#1008,#1009,#1010,
#1011,#1012,#1013));
#2094=EDGE_LOOP('',(#1014,#1015,#1016,#1017));
#2095=EDGE_LOOP('',(#1018,#1019,#1020,#1021));
#2096=FACE_BOUND('',#1802,.T.);
#2097=FACE_BOUND('',#1803,.T.);
#2098=FACE_BOUND('',#1804,.T.);
#2099=FACE_BOUND('',#1805,.T.);
#2100=FACE_BOUND('',#1806,.T.);
#2101=FACE_BOUND('',#1807,.T.);
#2102=FACE_BOUND('',#1808,.T.);
#2103=FACE_BOUND('',#1809,.T.);
#2104=FACE_BOUND('',#1810,.T.);
#2105=FACE_BOUND('',#1811,.T.);
#2106=FACE_BOUND('',#1812,.T.);
#2107=FACE_BOUND('',#1813,.T.);
#2108=FACE_BOUND('',#1814,.T.);
#2109=FACE_BOUND('',#1815,.T.);
#2110=FACE_BOUND('',#1816,.T.);
#2111=FACE_BOUND('',#1817,.T.);
#2112=FACE_BOUND('',#1818,.T.);
#2113=FACE_BOUND('',#1819,.T.);
#2114=FACE_BOUND('',#1820,.T.);
#2115=FACE_BOUND('',#1821,.T.);
#2116=FACE_BOUND('',#1822,.T.);
#2117=FACE_BOUND('',#1823,.T.);
#2118=FACE_BOUND('',#1824,.T.);
#2119=FACE_BOUND('',#1825,.T.);
#2120=FACE_BOUND('',#1826,.T.);
#2121=FACE_BOUND('',#1827,.T.);
#2122=FACE_BOUND('',#1828,.T.);
#2123=FACE_BOUND('',#1829,.T.);
#2124=FACE_BOUND('',#1830,.T.);
#2125=FACE_BOUND('',#1831,.T.);
#2126=FACE_BOUND('',#1832,.T.);
#2127=FACE_BOUND('',#1833,.T.);
#2128=FACE_BOUND('',#1834,.T.);
#2129=FACE_BOUND('',#1835,.T.);
#2130=FACE_BOUND('',#1836,.T.);
#2131=FACE_BOUND('',#1837,.T.);
#2132=FACE_BOUND('',#1838,.T.);
#2133=FACE_BOUND('',#1839,.T.);
#2134=FACE_BOUND('',#1840,.T.);
#2135=FACE_BOUND('',#1841,.T.);
#2136=FACE_BOUND('',#1842,.T.);
#2137=FACE_BOUND('',#1843,.T.);
#2138=FACE_BOUND('',#1844,.T.);
#2139=FACE_BOUND('',#1845,.T.);
#2140=FACE_BOUND('',#1846,.T.);
#2141=FACE_BOUND('',#1847,.T.);
#2142=FACE_BOUND('',#1848,.T.);
#2143=FACE_BOUND('',#1849,.T.);
#2144=FACE_BOUND('',#1850,.T.);
#2145=FACE_BOUND('',#1851,.T.);
#2146=FACE_BOUND('',#1852,.T.);
#2147=FACE_BOUND('',#1853,.T.);
#2148=FACE_BOUND('',#1854,.T.);
#2149=FACE_BOUND('',#1855,.T.);
#2150=FACE_BOUND('',#1856,.T.);
#2151=FACE_BOUND('',#1857,.T.);
#2152=FACE_BOUND('',#1858,.T.);
#2153=FACE_BOUND('',#1859,.T.);
#2154=FACE_BOUND('',#1860,.T.);
#2155=FACE_BOUND('',#1861,.T.);
#2156=FACE_BOUND('',#1862,.T.);
#2157=FACE_BOUND('',#1863,.T.);
#2158=FACE_BOUND('',#1864,.T.);
#2159=FACE_BOUND('',#1865,.T.);
#2160=FACE_BOUND('',#1866,.T.);
#2161=FACE_BOUND('',#1867,.T.);
#2162=FACE_BOUND('',#1868,.T.);
#2163=FACE_BOUND('',#1869,.T.);
#2164=FACE_BOUND('',#1870,.T.);
#2165=FACE_BOUND('',#1871,.T.);
#2166=FACE_BOUND('',#1872,.T.);
#2167=FACE_BOUND('',#1873,.T.);
#2168=FACE_BOUND('',#1874,.T.);
#2169=FACE_BOUND('',#1875,.T.);
#2170=FACE_BOUND('',#1876,.T.);
#2171=FACE_BOUND('',#1877,.T.);
#2172=FACE_BOUND('',#1878,.T.);
#2173=FACE_BOUND('',#1879,.T.);
#2174=FACE_BOUND('',#1880,.T.);
#2175=FACE_BOUND('',#1881,.T.);
#2176=FACE_BOUND('',#1882,.T.);
#2177=FACE_BOUND('',#1883,.T.);
#2178=FACE_BOUND('',#1884,.T.);
#2179=FACE_BOUND('',#1885,.T.);
#2180=FACE_BOUND('',#1886,.T.);
#2181=FACE_BOUND('',#1887,.T.);
#2182=FACE_BOUND('',#1888,.T.);
#2183=FACE_BOUND('',#1889,.T.);
#2184=FACE_BOUND('',#1890,.T.);
#2185=FACE_BOUND('',#1891,.T.);
#2186=FACE_BOUND('',#1892,.T.);
#2187=FACE_BOUND('',#1893,.T.);
#2188=FACE_BOUND('',#1894,.T.);
#2189=FACE_BOUND('',#1895,.T.);
#2190=FACE_BOUND('',#1896,.T.);
#2191=FACE_BOUND('',#1897,.T.);
#2192=FACE_BOUND('',#1898,.T.);
#2193=FACE_BOUND('',#1899,.T.);
#2194=FACE_BOUND('',#1900,.T.);
#2195=FACE_BOUND('',#1901,.T.);
#2196=FACE_BOUND('',#1902,.T.);
#2197=FACE_BOUND('',#1903,.T.);
#2198=FACE_BOUND('',#1904,.T.);
#2199=FACE_BOUND('',#1905,.T.);
#2200=FACE_BOUND('',#1906,.T.);
#2201=FACE_BOUND('',#1907,.T.);
#2202=FACE_BOUND('',#1908,.T.);
#2203=FACE_BOUND('',#1909,.T.);
#2204=FACE_BOUND('',#1910,.T.);
#2205=FACE_BOUND('',#1911,.T.);
#2206=FACE_BOUND('',#1912,.T.);
#2207=FACE_BOUND('',#1913,.T.);
#2208=FACE_BOUND('',#1914,.T.);
#2209=FACE_BOUND('',#1915,.T.);
#2210=FACE_BOUND('',#1916,.T.);
#2211=FACE_BOUND('',#1917,.T.);
#2212=FACE_BOUND('',#1918,.T.);
#2213=FACE_BOUND('',#1919,.T.);
#2214=FACE_BOUND('',#1920,.T.);
#2215=FACE_BOUND('',#1921,.T.);
#2216=FACE_BOUND('',#1922,.T.);
#2217=FACE_BOUND('',#1923,.T.);
#2218=FACE_BOUND('',#1924,.T.);
#2219=FACE_BOUND('',#1925,.T.);
#2220=FACE_BOUND('',#1926,.T.);
#2221=FACE_BOUND('',#1927,.T.);
#2222=FACE_BOUND('',#1928,.T.);
#2223=FACE_BOUND('',#1929,.T.);
#2224=FACE_BOUND('',#1930,.T.);
#2225=FACE_BOUND('',#1931,.T.);
#2226=FACE_BOUND('',#1932,.T.);
#2227=FACE_BOUND('',#1933,.T.);
#2228=FACE_BOUND('',#1934,.T.);
#2229=FACE_BOUND('',#1935,.T.);
#2230=FACE_BOUND('',#1936,.T.);
#2231=FACE_BOUND('',#1937,.T.);
#2232=FACE_BOUND('',#1938,.T.);
#2233=FACE_BOUND('',#1939,.T.);
#2234=FACE_BOUND('',#1940,.T.);
#2235=FACE_BOUND('',#1941,.T.);
#2236=FACE_BOUND('',#1942,.T.);
#2237=FACE_BOUND('',#1943,.T.);
#2238=FACE_BOUND('',#1944,.T.);
#2239=FACE_BOUND('',#1945,.T.);
#2240=FACE_BOUND('',#1946,.T.);
#2241=FACE_BOUND('',#1947,.T.);
#2242=FACE_BOUND('',#1948,.T.);
#2243=FACE_BOUND('',#1949,.T.);
#2244=FACE_BOUND('',#1950,.T.);
#2245=FACE_BOUND('',#1951,.T.);
#2246=FACE_BOUND('',#1952,.T.);
#2247=FACE_BOUND('',#1953,.T.);
#2248=FACE_BOUND('',#1954,.T.);
#2249=FACE_BOUND('',#1955,.T.);
#2250=FACE_BOUND('',#1956,.T.);
#2251=FACE_BOUND('',#1957,.T.);
#2252=FACE_BOUND('',#1958,.T.);
#2253=FACE_BOUND('',#1959,.T.);
#2254=FACE_BOUND('',#1960,.T.);
#2255=FACE_BOUND('',#1961,.T.);
#2256=FACE_BOUND('',#1962,.T.);
#2257=FACE_BOUND('',#1963,.T.);
#2258=FACE_BOUND('',#1964,.T.);
#2259=FACE_BOUND('',#1965,.T.);
#2260=FACE_BOUND('',#1966,.T.);
#2261=FACE_BOUND('',#1967,.T.);
#2262=FACE_BOUND('',#1968,.T.);
#2263=FACE_BOUND('',#1969,.T.);
#2264=FACE_BOUND('',#1970,.T.);
#2265=FACE_BOUND('',#1971,.T.);
#2266=FACE_BOUND('',#1972,.T.);
#2267=FACE_BOUND('',#1973,.T.);
#2268=FACE_BOUND('',#1974,.T.);
#2269=FACE_BOUND('',#1975,.T.);
#2270=FACE_BOUND('',#1976,.T.);
#2271=FACE_BOUND('',#1977,.T.);
#2272=FACE_BOUND('',#1978,.T.);
#2273=FACE_BOUND('',#1979,.T.);
#2274=FACE_BOUND('',#1980,.T.);
#2275=FACE_BOUND('',#1981,.T.);
#2276=FACE_BOUND('',#1982,.T.);
#2277=FACE_BOUND('',#1983,.T.);
#2278=FACE_BOUND('',#1984,.T.);
#2279=FACE_BOUND('',#1985,.T.);
#2280=FACE_BOUND('',#1986,.T.);
#2281=FACE_BOUND('',#1987,.T.);
#2282=FACE_BOUND('',#1988,.T.);
#2283=FACE_BOUND('',#1989,.T.);
#2284=FACE_BOUND('',#1990,.T.);
#2285=FACE_BOUND('',#1991,.T.);
#2286=FACE_BOUND('',#1992,.T.);
#2287=FACE_BOUND('',#1993,.T.);
#2288=FACE_BOUND('',#1994,.T.);
#2289=FACE_BOUND('',#1995,.T.);
#2290=FACE_BOUND('',#1996,.T.);
#2291=FACE_BOUND('',#1997,.T.);
#2292=FACE_BOUND('',#1998,.T.);
#2293=FACE_BOUND('',#1999,.T.);
#2294=FACE_BOUND('',#2000,.T.);
#2295=FACE_BOUND('',#2001,.T.);
#2296=FACE_BOUND('',#2002,.T.);
#2297=FACE_BOUND('',#2003,.T.);
#2298=FACE_BOUND('',#2004,.T.);
#2299=FACE_BOUND('',#2005,.T.);
#2300=FACE_BOUND('',#2006,.T.);
#2301=FACE_BOUND('',#2007,.T.);
#2302=FACE_BOUND('',#2008,.T.);
#2303=FACE_BOUND('',#2009,.T.);
#2304=FACE_BOUND('',#2010,.T.);
#2305=FACE_BOUND('',#2011,.T.);
#2306=FACE_BOUND('',#2012,.T.);
#2307=FACE_BOUND('',#2013,.T.);
#2308=FACE_BOUND('',#2014,.T.);
#2309=FACE_BOUND('',#2015,.T.);
#2310=FACE_BOUND('',#2016,.T.);
#2311=FACE_BOUND('',#2017,.T.);
#2312=FACE_BOUND('',#2018,.T.);
#2313=FACE_BOUND('',#2019,.T.);
#2314=FACE_BOUND('',#2020,.T.);
#2315=FACE_BOUND('',#2021,.T.);
#2316=FACE_BOUND('',#2022,.T.);
#2317=FACE_BOUND('',#2023,.T.);
#2318=FACE_BOUND('',#2024,.T.);
#2319=FACE_BOUND('',#2025,.T.);
#2320=FACE_BOUND('',#2026,.T.);
#2321=FACE_BOUND('',#2027,.T.);
#2322=FACE_BOUND('',#2028,.T.);
#2323=FACE_BOUND('',#2029,.T.);
#2324=FACE_BOUND('',#2030,.T.);
#2325=FACE_BOUND('',#2031,.T.);
#2326=FACE_BOUND('',#2032,.T.);
#2327=FACE_BOUND('',#2033,.T.);
#2328=FACE_BOUND('',#2034,.T.);
#2329=FACE_BOUND('',#2035,.T.);
#2330=FACE_BOUND('',#2036,.T.);
#2331=FACE_BOUND('',#2037,.T.);
#2332=FACE_BOUND('',#2038,.T.);
#2333=FACE_BOUND('',#2039,.T.);
#2334=FACE_BOUND('',#2040,.T.);
#2335=FACE_BOUND('',#2041,.T.);
#2336=FACE_BOUND('',#2042,.T.);
#2337=FACE_BOUND('',#2043,.T.);
#2338=FACE_BOUND('',#2044,.T.);
#2339=FACE_BOUND('',#2045,.T.);
#2340=FACE_BOUND('',#2046,.T.);
#2341=FACE_BOUND('',#2047,.T.);
#2342=FACE_BOUND('',#2048,.T.);
#2343=FACE_BOUND('',#2049,.T.);
#2344=FACE_BOUND('',#2050,.T.);
#2345=FACE_BOUND('',#2051,.T.);
#2346=FACE_BOUND('',#2052,.T.);
#2347=FACE_BOUND('',#2053,.T.);
#2348=FACE_BOUND('',#2054,.T.);
#2349=FACE_BOUND('',#2055,.T.);
#2350=FACE_BOUND('',#2056,.T.);
#2351=FACE_BOUND('',#2057,.T.);
#2352=FACE_BOUND('',#2058,.T.);
#2353=FACE_BOUND('',#2059,.T.);
#2354=FACE_BOUND('',#2060,.T.);
#2355=FACE_BOUND('',#2061,.T.);
#2356=FACE_BOUND('',#2062,.T.);
#2357=FACE_BOUND('',#2063,.T.);
#2358=FACE_BOUND('',#2064,.T.);
#2359=FACE_BOUND('',#2065,.T.);
#2360=FACE_BOUND('',#2066,.T.);
#2361=FACE_BOUND('',#2067,.T.);
#2362=FACE_BOUND('',#2068,.T.);
#2363=FACE_BOUND('',#2069,.T.);
#2364=FACE_BOUND('',#2070,.T.);
#2365=FACE_BOUND('',#2071,.T.);
#2366=FACE_BOUND('',#2072,.T.);
#2367=FACE_BOUND('',#2073,.T.);
#2368=FACE_BOUND('',#2074,.T.);
#2369=FACE_BOUND('',#2075,.T.);
#2370=FACE_BOUND('',#2076,.T.);
#2371=FACE_BOUND('',#2077,.T.);
#2372=FACE_BOUND('',#2078,.T.);
#2373=FACE_BOUND('',#2079,.T.);
#2374=FACE_BOUND('',#2080,.T.);
#2375=FACE_BOUND('',#2081,.T.);
#2376=FACE_BOUND('',#2082,.T.);
#2377=FACE_BOUND('',#2083,.T.);
#2378=FACE_BOUND('',#2084,.T.);
#2379=FACE_BOUND('',#2085,.T.);
#2380=FACE_BOUND('',#2086,.T.);
#2381=FACE_BOUND('',#2087,.T.);
#2382=FACE_BOUND('',#2088,.T.);
#2383=FACE_BOUND('',#2089,.T.);
#2384=FACE_BOUND('',#2090,.T.);
#2385=FACE_BOUND('',#2091,.T.);
#2386=FACE_BOUND('',#2092,.T.);
#2387=FACE_BOUND('',#2093,.T.);
#2388=FACE_BOUND('',#2094,.T.);
#2389=FACE_BOUND('',#2095,.T.);
#2390=CYLINDRICAL_SURFACE('',#2627,0.00155);
#2391=CYLINDRICAL_SURFACE('',#2631,0.00155);
#2392=CYLINDRICAL_SURFACE('',#2634,0.00155);
#2393=CYLINDRICAL_SURFACE('',#2638,0.00155);
#2394=CYLINDRICAL_SURFACE('',#2641,0.00100000000000001);
#2395=CYLINDRICAL_SURFACE('',#2645,0.00100000000000001);
#2396=CYLINDRICAL_SURFACE('',#2649,0.00155);
#2397=CYLINDRICAL_SURFACE('',#2653,0.00100000000000001);
#2398=CYLINDRICAL_SURFACE('',#2657,0.0025);
#2399=CYLINDRICAL_SURFACE('',#2661,0.0025);
#2400=CYLINDRICAL_SURFACE('',#2664,0.012);
#2401=CYLINDRICAL_SURFACE('',#2668,0.012);
#2402=CYLINDRICAL_SURFACE('',#2672,0.012);
#2403=CYLINDRICAL_SURFACE('',#2675,0.0025);
#2404=CYLINDRICAL_SURFACE('',#2679,0.0025);
#2405=CYLINDRICAL_SURFACE('',#2683,0.001);
#2406=CYLINDRICAL_SURFACE('',#2687,0.00155);
#2407=CYLINDRICAL_SURFACE('',#2691,0.001);
#2408=CYLINDRICAL_SURFACE('',#2695,0.0075);
#2409=CYLINDRICAL_SURFACE('',#2699,0.0075);
#2410=CYLINDRICAL_SURFACE('',#2703,0.0075);
#2411=CYLINDRICAL_SURFACE('',#2707,0.0075);
#2412=CYLINDRICAL_SURFACE('',#2711,0.001);
#2413=CYLINDRICAL_SURFACE('',#2715,0.00155);
#2414=CYLINDRICAL_SURFACE('',#2719,0.001);
#2415=CYLINDRICAL_SURFACE('',#2723,0.0025);
#2416=CYLINDRICAL_SURFACE('',#2727,0.0025);
#2417=CYLINDRICAL_SURFACE('',#2730,0.012);
#2418=CYLINDRICAL_SURFACE('',#2734,0.012);
#2419=CYLINDRICAL_SURFACE('',#2738,0.012);
#2420=CYLINDRICAL_SURFACE('',#2741,0.0025);
#2421=CYLINDRICAL_SURFACE('',#2745,0.0025);
#2422=CYLINDRICAL_SURFACE('',#2749,0.00100000000000001);
#2423=CYLINDRICAL_SURFACE('',#2753,0.00155);
#2424=CYLINDRICAL_SURFACE('',#2756,0.012);
#2425=CYLINDRICAL_SURFACE('',#2759,0.0025);
#2426=CYLINDRICAL_SURFACE('',#2763,0.002);
#2427=CYLINDRICAL_SURFACE('',#2768,0.00155);
#2428=CYLINDRICAL_SURFACE('',#2773,0.00155);
#2429=CYLINDRICAL_SURFACE('',#2779,0.00250000000000004);
#2430=CYLINDRICAL_SURFACE('',#2782,0.00205);
#2431=CYLINDRICAL_SURFACE('',#2785,0.00205);
#2432=CYLINDRICAL_SURFACE('',#2788,0.00205);
#2433=CYLINDRICAL_SURFACE('',#2791,0.00205);
#2434=CYLINDRICAL_SURFACE('',#2794,0.00205);
#2435=CYLINDRICAL_SURFACE('',#2797,0.00205);
#2436=CYLINDRICAL_SURFACE('',#2800,0.00205);
#2437=CYLINDRICAL_SURFACE('',#2803,0.00205);
#2438=CYLINDRICAL_SURFACE('',#2806,0.00205);
#2439=CYLINDRICAL_SURFACE('',#2809,0.00155);
#2440=CYLINDRICAL_SURFACE('',#2812,0.00155);
#2441=CYLINDRICAL_SURFACE('',#2815,0.00155);
#2442=CYLINDRICAL_SURFACE('',#2818,0.00155);
#2443=CYLINDRICAL_SURFACE('',#2821,0.00155);
#2444=CYLINDRICAL_SURFACE('',#2824,0.00155);
#2445=CYLINDRICAL_SURFACE('',#2827,0.00205);
#2446=CYLINDRICAL_SURFACE('',#2830,0.012);
#2447=CYLINDRICAL_SURFACE('',#2833,0.012);
#2448=CYLINDRICAL_SURFACE('',#2836,0.0031);
#2449=CYLINDRICAL_SURFACE('',#2839,0.0031);
#2450=CYLINDRICAL_SURFACE('',#2842,0.00155);
#2451=CYLINDRICAL_SURFACE('',#2845,0.00155);
#2452=CYLINDRICAL_SURFACE('',#2848,0.00205);
#2453=CYLINDRICAL_SURFACE('',#2851,0.00205);
#2454=CYLINDRICAL_SURFACE('',#2854,0.00205);
#2455=CYLINDRICAL_SURFACE('',#2857,0.00205);
#2456=CYLINDRICAL_SURFACE('',#2860,0.00205);
#2457=CYLINDRICAL_SURFACE('',#2863,0.00205);
#2458=CYLINDRICAL_SURFACE('',#2866,0.00205);
#2459=CYLINDRICAL_SURFACE('',#2869,0.00205);
#2460=CYLINDRICAL_SURFACE('',#2872,0.0041);
#2461=CYLINDRICAL_SURFACE('',#2875,0.0041);
#2462=CYLINDRICAL_SURFACE('',#2878,0.0041);
#2463=CYLINDRICAL_SURFACE('',#2881,0.0041);
#2464=CYLINDRICAL_SURFACE('',#2884,0.0031);
#2465=CYLINDRICAL_SURFACE('',#2887,0.0031);
#2466=CYLINDRICAL_SURFACE('',#2890,0.0018);
#2467=CYLINDRICAL_SURFACE('',#2893,0.0018);
#2468=CYLINDRICAL_SURFACE('',#2896,0.0031);
#2469=CYLINDRICAL_SURFACE('',#2899,0.0031);
#2470=CYLINDRICAL_SURFACE('',#2902,0.0031);
#2471=CYLINDRICAL_SURFACE('',#2905,0.0031);
#2472=CYLINDRICAL_SURFACE('',#2908,0.00155);
#2473=CYLINDRICAL_SURFACE('',#2911,0.00155);
#2474=CYLINDRICAL_SURFACE('',#2914,0.00155);
#2475=CYLINDRICAL_SURFACE('',#2917,0.00155);
#2476=CYLINDRICAL_SURFACE('',#2920,0.00155);
#2477=CYLINDRICAL_SURFACE('',#2923,0.00155);
#2478=CYLINDRICAL_SURFACE('',#2926,0.00155);
#2479=CYLINDRICAL_SURFACE('',#2929,0.00155);
#2480=CYLINDRICAL_SURFACE('',#2932,0.012);
#2481=CYLINDRICAL_SURFACE('',#2935,0.00155);
#2482=CYLINDRICAL_SURFACE('',#2938,0.00155);
#2483=ADVANCED_FACE('',(#2096),#2390,.F.);
#2484=ADVANCED_FACE('',(#2097),#12,.F.);
#2485=ADVANCED_FACE('',(#2098),#2391,.F.);
#2486=ADVANCED_FACE('',(#2099),#2392,.F.);
#2487=ADVANCED_FACE('',(#2100),#13,.F.);
#2488=ADVANCED_FACE('',(#2101),#2393,.F.);
#2489=ADVANCED_FACE('',(#2102),#2394,.T.);
#2490=ADVANCED_FACE('',(#2103),#14,.F.);
#2491=ADVANCED_FACE('',(#2104),#2395,.T.);
#2492=ADVANCED_FACE('',(#2105),#15,.F.);
#2493=ADVANCED_FACE('',(#2106),#2396,.F.);
#2494=ADVANCED_FACE('',(#2107),#16,.T.);
#2495=ADVANCED_FACE('',(#2108),#2397,.T.);
#2496=ADVANCED_FACE('',(#2109),#17,.F.);
#2497=ADVANCED_FACE('',(#2110),#2398,.T.);
#2498=ADVANCED_FACE('',(#2111),#18,.T.);
#2499=ADVANCED_FACE('',(#2112),#2399,.T.);
#2500=ADVANCED_FACE('',(#2113),#2400,.F.);
#2501=ADVANCED_FACE('',(#2114),#19,.F.);
#2502=ADVANCED_FACE('',(#2115),#2401,.F.);
#2503=ADVANCED_FACE('',(#2116),#20,.T.);
#2504=ADVANCED_FACE('',(#2117),#2402,.F.);
#2505=ADVANCED_FACE('',(#2118),#2403,.T.);
#2506=ADVANCED_FACE('',(#2119),#21,.F.);
#2507=ADVANCED_FACE('',(#2120),#2404,.T.);
#2508=ADVANCED_FACE('',(#2121),#22,.F.);
#2509=ADVANCED_FACE('',(#2122),#2405,.T.);
#2510=ADVANCED_FACE('',(#2123),#23,.F.);
#2511=ADVANCED_FACE('',(#2124),#2406,.F.);
#2512=ADVANCED_FACE('',(#2125),#24,.T.);
#2513=ADVANCED_FACE('',(#2126),#2407,.T.);
#2514=ADVANCED_FACE('',(#2127),#25,.F.);
#2515=ADVANCED_FACE('',(#2128),#2408,.T.);
#2516=ADVANCED_FACE('',(#2129),#26,.F.);
#2517=ADVANCED_FACE('',(#2130),#2409,.T.);
#2518=ADVANCED_FACE('',(#2131),#27,.T.);
#2519=ADVANCED_FACE('',(#2132),#2410,.T.);
#2520=ADVANCED_FACE('',(#2133),#28,.F.);
#2521=ADVANCED_FACE('',(#2134),#2411,.T.);
#2522=ADVANCED_FACE('',(#2135),#29,.T.);
#2523=ADVANCED_FACE('',(#2136),#2412,.T.);
#2524=ADVANCED_FACE('',(#2137),#30,.F.);
#2525=ADVANCED_FACE('',(#2138),#2413,.F.);
#2526=ADVANCED_FACE('',(#2139),#31,.T.);
#2527=ADVANCED_FACE('',(#2140),#2414,.T.);
#2528=ADVANCED_FACE('',(#2141),#32,.T.);
#2529=ADVANCED_FACE('',(#2142),#2415,.T.);
#2530=ADVANCED_FACE('',(#2143),#33,.T.);
#2531=ADVANCED_FACE('',(#2144),#2416,.T.);
#2532=ADVANCED_FACE('',(#2145),#2417,.F.);
#2533=ADVANCED_FACE('',(#2146),#34,.F.);
#2534=ADVANCED_FACE('',(#2147),#2418,.F.);
#2535=ADVANCED_FACE('',(#2148),#35,.T.);
#2536=ADVANCED_FACE('',(#2149),#2419,.F.);
#2537=ADVANCED_FACE('',(#2150),#2420,.T.);
#2538=ADVANCED_FACE('',(#2151),#36,.F.);
#2539=ADVANCED_FACE('',(#2152),#2421,.T.);
#2540=ADVANCED_FACE('',(#2153),#37,.T.);
#2541=ADVANCED_FACE('',(#2154),#2422,.T.);
#2542=ADVANCED_FACE('',(#2155),#38,.F.);
#2543=ADVANCED_FACE('',(#2156),#2423,.F.);
#2544=ADVANCED_FACE('',(#2157),#2424,.F.);
#2545=ADVANCED_FACE('',(#2158),#2425,.T.);
#2546=ADVANCED_FACE('',(#2159),#39,.F.);
#2547=ADVANCED_FACE('',(#2160),#2426,.F.);
#2548=ADVANCED_FACE('',(#2161),#40,.T.);
#2549=ADVANCED_FACE('',(#2162),#41,.T.);
#2550=ADVANCED_FACE('',(#2163),#2427,.F.);
#2551=ADVANCED_FACE('',(#2164),#42,.T.);
#2552=ADVANCED_FACE('',(#2165),#43,.T.);
#2553=ADVANCED_FACE('',(#2166),#2428,.F.);
#2554=ADVANCED_FACE('',(#2167),#44,.T.);
#2555=ADVANCED_FACE('',(#2168),#45,.F.);
#2556=ADVANCED_FACE('',(#2169),#46,.T.);
#2557=ADVANCED_FACE('',(#2170),#2429,.T.);
#2558=ADVANCED_FACE('',(#2171,#2172),#2430,.F.);
#2559=ADVANCED_FACE('',(#2173,#2174),#2431,.F.);
#2560=ADVANCED_FACE('',(#2175,#2176),#2432,.F.);
#2561=ADVANCED_FACE('',(#2177,#2178),#2433,.F.);
#2562=ADVANCED_FACE('',(#2179,#2180),#2434,.F.);
#2563=ADVANCED_FACE('',(#2181,#2182),#2435,.F.);
#2564=ADVANCED_FACE('',(#2183,#2184),#2436,.F.);
#2565=ADVANCED_FACE('',(#2185,#2186),#2437,.F.);
#2566=ADVANCED_FACE('',(#2187,#2188),#2438,.F.);
#2567=ADVANCED_FACE('',(#2189,#2190),#2439,.F.);
#2568=ADVANCED_FACE('',(#2191,#2192),#2440,.F.);
#2569=ADVANCED_FACE('',(#2193,#2194),#2441,.F.);
#2570=ADVANCED_FACE('',(#2195,#2196),#2442,.F.);
#2571=ADVANCED_FACE('',(#2197,#2198),#2443,.F.);
#2572=ADVANCED_FACE('',(#2199,#2200),#2444,.F.);
#2573=ADVANCED_FACE('',(#2201,#2202),#2445,.F.);
#2574=ADVANCED_FACE('',(#2203,#2204),#2446,.F.);
#2575=ADVANCED_FACE('',(#2205,#2206),#2447,.F.);
#2576=ADVANCED_FACE('',(#2207,#2208),#2448,.F.);
#2577=ADVANCED_FACE('',(#2209,#2210),#2449,.F.);
#2578=ADVANCED_FACE('',(#2211,#2212),#2450,.F.);
#2579=ADVANCED_FACE('',(#2213,#2214),#2451,.F.);
#2580=ADVANCED_FACE('',(#2215,#2216),#2452,.F.);
#2581=ADVANCED_FACE('',(#2217,#2218),#2453,.F.);
#2582=ADVANCED_FACE('',(#2219,#2220),#2454,.F.);
#2583=ADVANCED_FACE('',(#2221,#2222),#2455,.F.);
#2584=ADVANCED_FACE('',(#2223,#2224),#2456,.F.);
#2585=ADVANCED_FACE('',(#2225,#2226),#2457,.F.);
#2586=ADVANCED_FACE('',(#2227,#2228),#2458,.F.);
#2587=ADVANCED_FACE('',(#2229,#2230),#2459,.F.);
#2588=ADVANCED_FACE('',(#2231,#2232),#2460,.F.);
#2589=ADVANCED_FACE('',(#2233,#2234),#2461,.F.);
#2590=ADVANCED_FACE('',(#2235,#2236),#2462,.F.);
#2591=ADVANCED_FACE('',(#2237,#2238),#2463,.F.);
#2592=ADVANCED_FACE('',(#2239,#2240),#2464,.F.);
#2593=ADVANCED_FACE('',(#2241,#2242),#2465,.F.);
#2594=ADVANCED_FACE('',(#2243,#2244),#2466,.F.);
#2595=ADVANCED_FACE('',(#2245,#2246),#2467,.F.);
#2596=ADVANCED_FACE('',(#2247,#2248),#2468,.F.);
#2597=ADVANCED_FACE('',(#2249,#2250),#2469,.F.);
#2598=ADVANCED_FACE('',(#2251,#2252),#2470,.F.);
#2599=ADVANCED_FACE('',(#2253,#2254),#2471,.F.);
#2600=ADVANCED_FACE('',(#2255,#2256),#2472,.F.);
#2601=ADVANCED_FACE('',(#2257,#2258),#2473,.F.);
#2602=ADVANCED_FACE('',(#2259,#2260),#2474,.F.);
#2603=ADVANCED_FACE('',(#2261,#2262),#2475,.F.);
#2604=ADVANCED_FACE('',(#2263,#2264),#2476,.F.);
#2605=ADVANCED_FACE('',(#2265,#2266),#2477,.F.);
#2606=ADVANCED_FACE('',(#2267,#2268),#2478,.F.);
#2607=ADVANCED_FACE('',(#2269,#2270),#2479,.F.);
#2608=ADVANCED_FACE('',(#2271,#2272),#2480,.F.);
#2609=ADVANCED_FACE('',(#2273),#2481,.F.);
#2610=ADVANCED_FACE('',(#2274),#2482,.F.);
#2611=ADVANCED_FACE('',(#2275),#47,.F.);
#2612=ADVANCED_FACE('',(#2276,#2277,#2278,#2279,#2280,#2281,#2282,#2283,
#2284,#2285,#2286,#2287,#2288,#2289,#2290,#2291,#2292,#2293,#2294,#2295,
#2296,#2297,#2298,#2299,#2300,#2301,#2302,#2303,#2304,#2305,#2306,#2307,
#2308,#2309,#2310,#2311,#2312,#2313,#2314,#2315,#2316,#2317,#2318,#2319,
#2320,#2321,#2322,#2323,#2324,#2325,#2326,#2327,#2328,#2329,#2330,#2331,
#2332),#48,.T.);
#2613=ADVANCED_FACE('',(#2333,#2334,#2335,#2336,#2337,#2338,#2339,#2340,
#2341,#2342,#2343,#2344,#2345,#2346,#2347,#2348,#2349,#2350,#2351,#2352,
#2353,#2354,#2355,#2356,#2357,#2358,#2359,#2360,#2361,#2362,#2363,#2364,
#2365,#2366,#2367,#2368,#2369,#2370,#2371,#2372,#2373,#2374,#2375,#2376,
#2377,#2378,#2379,#2380,#2381,#2382,#2383,#2384,#2385,#2386,#2387,#2388,
#2389),#49,.F.);
#2614=CLOSED_SHELL('',(#2483,#2484,#2485,#2486,#2487,#2488,#2489,#2490,
#2491,#2492,#2493,#2494,#2495,#2496,#2497,#2498,#2499,#2500,#2501,#2502,
#2503,#2504,#2505,#2506,#2507,#2508,#2509,#2510,#2511,#2512,#2513,#2514,
#2515,#2516,#2517,#2518,#2519,#2520,#2521,#2522,#2523,#2524,#2525,#2526,
#2527,#2528,#2529,#2530,#2531,#2532,#2533,#2534,#2535,#2536,#2537,#2538,
#2539,#2540,#2541,#2542,#2543,#2544,#2545,#2546,#2547,#2548,#2549,#2550,
#2551,#2552,#2553,#2554,#2555,#2556,#2557,#2558,#2559,#2560,#2561,#2562,
#2563,#2564,#2565,#2566,#2567,#2568,#2569,#2570,#2571,#2572,#2573,#2574,
#2575,#2576,#2577,#2578,#2579,#2580,#2581,#2582,#2583,#2584,#2585,#2586,
#2587,#2588,#2589,#2590,#2591,#2592,#2593,#2594,#2595,#2596,#2597,#2598,
#2599,#2600,#2601,#2602,#2603,#2604,#2605,#2606,#2607,#2608,#2609,#2610,
#2611,#2612,#2613));
#2615=STYLED_ITEM('',(#2616),#2623);
#2616=PRESENTATION_STYLE_ASSIGNMENT((#2617));
#2617=SURFACE_STYLE_USAGE(.BOTH.,#2618);
#2618=SURFACE_SIDE_STYLE('',(#2619));
#2619=SURFACE_STYLE_FILL_AREA(#2620);
#2620=FILL_AREA_STYLE('',(#2621));
#2621=FILL_AREA_STYLE_COLOUR('',#2622);
#2622=COLOUR_RGB('',0.615686274509804,0.811764705882353,0.929411764705882);
#2623=MANIFOLD_SOLID_BREP('Part 1',#2614);
#2624=SHAPE_DEFINITION_REPRESENTATION(#4462,#2625);
#2625=SHAPE_REPRESENTATION('Part 1',(#2626),#4457);
#2626=AXIS2_PLACEMENT_3D('',#3730,#2944,#2945);
#2627=AXIS2_PLACEMENT_3D('',#3731,#2946,#2947);
#2628=AXIS2_PLACEMENT_3D('',#3732,#2948,#2949);
#2629=AXIS2_PLACEMENT_3D('',#3737,#2951,#2952);
#2630=AXIS2_PLACEMENT_3D('',#3740,#2954,#2955);
#2631=AXIS2_PLACEMENT_3D('',#3746,#2959,#2960);
#2632=AXIS2_PLACEMENT_3D('',#3747,#2961,#2962);
#2633=AXIS2_PLACEMENT_3D('',#3751,#2964,#2965);
#2634=AXIS2_PLACEMENT_3D('',#3752,#2966,#2967);
#2635=AXIS2_PLACEMENT_3D('',#3753,#2968,#2969);
#2636=AXIS2_PLACEMENT_3D('',#3758,#2971,#2972);
#2637=AXIS2_PLACEMENT_3D('',#3761,#2974,#2975);
#2638=AXIS2_PLACEMENT_3D('',#3767,#2979,#2980);
#2639=AXIS2_PLACEMENT_3D('',#3768,#2981,#2982);
#2640=AXIS2_PLACEMENT_3D('',#3772,#2984,#2985);
#2641=AXIS2_PLACEMENT_3D('',#3773,#2986,#2987);
#2642=AXIS2_PLACEMENT_3D('',#3774,#2988,#2989);
#2643=AXIS2_PLACEMENT_3D('',#3779,#2991,#2992);
#2644=AXIS2_PLACEMENT_3D('',#3782,#2994,#2995);
#2645=AXIS2_PLACEMENT_3D('',#3788,#2999,#3000);
#2646=AXIS2_PLACEMENT_3D('',#3789,#3001,#3002);
#2647=AXIS2_PLACEMENT_3D('',#3793,#3004,#3005);
#2648=AXIS2_PLACEMENT_3D('',#3794,#3006,#3007);
#2649=AXIS2_PLACEMENT_3D('',#3800,#3011,#3012);
#2650=AXIS2_PLACEMENT_3D('',#3801,#3013,#3014);
#2651=AXIS2_PLACEMENT_3D('',#3805,#3016,#3017);
#2652=AXIS2_PLACEMENT_3D('',#3806,#3018,#3019);
#2653=AXIS2_PLACEMENT_3D('',#3812,#3023,#3024);
#2654=AXIS2_PLACEMENT_3D('',#3813,#3025,#3026);
#2655=AXIS2_PLACEMENT_3D('',#3817,#3028,#3029);
#2656=AXIS2_PLACEMENT_3D('',#3818,#3030,#3031);
#2657=AXIS2_PLACEMENT_3D('',#3824,#3035,#3036);
#2658=AXIS2_PLACEMENT_3D('',#3825,#3037,#3038);
#2659=AXIS2_PLACEMENT_3D('',#3829,#3040,#3041);
#2660=AXIS2_PLACEMENT_3D('',#3830,#3042,#3043);
#2661=AXIS2_PLACEMENT_3D('',#3836,#3047,#3048);
#2662=AXIS2_PLACEMENT_3D('',#3837,#3049,#3050);
#2663=AXIS2_PLACEMENT_3D('',#3841,#3052,#3053);
#2664=AXIS2_PLACEMENT_3D('',#3842,#3054,#3055);
#2665=AXIS2_PLACEMENT_3D('',#3843,#3056,#3057);
#2666=AXIS2_PLACEMENT_3D('',#3847,#3059,#3060);
#2667=AXIS2_PLACEMENT_3D('',#3848,#3061,#3062);
#2668=AXIS2_PLACEMENT_3D('',#3854,#3066,#3067);
#2669=AXIS2_PLACEMENT_3D('',#3855,#3068,#3069);
#2670=AXIS2_PLACEMENT_3D('',#3859,#3071,#3072);
#2671=AXIS2_PLACEMENT_3D('',#3860,#3073,#3074);
#2672=AXIS2_PLACEMENT_3D('',#3866,#3078,#3079);
#2673=AXIS2_PLACEMENT_3D('',#3867,#3080,#3081);
#2674=AXIS2_PLACEMENT_3D('',#3871,#3083,#3084);
#2675=AXIS2_PLACEMENT_3D('',#3872,#3085,#3086);
#2676=AXIS2_PLACEMENT_3D('',#3873,#3087,#3088);
#2677=AXIS2_PLACEMENT_3D('',#3877,#3090,#3091);
#2678=AXIS2_PLACEMENT_3D('',#3878,#3092,#3093);
#2679=AXIS2_PLACEMENT_3D('',#3884,#3097,#3098);
#2680=AXIS2_PLACEMENT_3D('',#3885,#3099,#3100);
#2681=AXIS2_PLACEMENT_3D('',#3889,#3102,#3103);
#2682=AXIS2_PLACEMENT_3D('',#3890,#3104,#3105);
#2683=AXIS2_PLACEMENT_3D('',#3896,#3109,#3110);
#2684=AXIS2_PLACEMENT_3D('',#3897,#3111,#3112);
#2685=AXIS2_PLACEMENT_3D('',#3901,#3114,#3115);
#2686=AXIS2_PLACEMENT_3D('',#3902,#3116,#3117);
#2687=AXIS2_PLACEMENT_3D('',#3908,#3121,#3122);
#2688=AXIS2_PLACEMENT_3D('',#3909,#3123,#3124);
#2689=AXIS2_PLACEMENT_3D('',#3913,#3126,#3127);
#2690=AXIS2_PLACEMENT_3D('',#3914,#3128,#3129);
#2691=AXIS2_PLACEMENT_3D('',#3920,#3133,#3134);
#2692=AXIS2_PLACEMENT_3D('',#3921,#3135,#3136);
#2693=AXIS2_PLACEMENT_3D('',#3925,#3138,#3139);
#2694=AXIS2_PLACEMENT_3D('',#3926,#3140,#3141);
#2695=AXIS2_PLACEMENT_3D('',#3932,#3145,#3146);
#2696=AXIS2_PLACEMENT_3D('',#3933,#3147,#3148);
#2697=AXIS2_PLACEMENT_3D('',#3937,#3150,#3151);
#2698=AXIS2_PLACEMENT_3D('',#3938,#3152,#3153);
#2699=AXIS2_PLACEMENT_3D('',#3944,#3157,#3158);
#2700=AXIS2_PLACEMENT_3D('',#3945,#3159,#3160);
#2701=AXIS2_PLACEMENT_3D('',#3949,#3162,#3163);
#2702=AXIS2_PLACEMENT_3D('',#3950,#3164,#3165);
#2703=AXIS2_PLACEMENT_3D('',#3956,#3169,#3170);
#2704=AXIS2_PLACEMENT_3D('',#3957,#3171,#3172);
#2705=AXIS2_PLACEMENT_3D('',#3961,#3174,#3175);
#2706=AXIS2_PLACEMENT_3D('',#3962,#3176,#3177);
#2707=AXIS2_PLACEMENT_3D('',#3968,#3181,#3182);
#2708=AXIS2_PLACEMENT_3D('',#3969,#3183,#3184);
#2709=AXIS2_PLACEMENT_3D('',#3973,#3186,#3187);
#2710=AXIS2_PLACEMENT_3D('',#3974,#3188,#3189);
#2711=AXIS2_PLACEMENT_3D('',#3980,#3193,#3194);
#2712=AXIS2_PLACEMENT_3D('',#3981,#3195,#3196);
#2713=AXIS2_PLACEMENT_3D('',#3985,#3198,#3199);
#2714=AXIS2_PLACEMENT_3D('',#3986,#3200,#3201);
#2715=AXIS2_PLACEMENT_3D('',#3992,#3205,#3206);
#2716=AXIS2_PLACEMENT_3D('',#3993,#3207,#3208);
#2717=AXIS2_PLACEMENT_3D('',#3997,#3210,#3211);
#2718=AXIS2_PLACEMENT_3D('',#3998,#3212,#3213);
#2719=AXIS2_PLACEMENT_3D('',#4004,#3217,#3218);
#2720=AXIS2_PLACEMENT_3D('',#4005,#3219,#3220);
#2721=AXIS2_PLACEMENT_3D('',#4009,#3222,#3223);
#2722=AXIS2_PLACEMENT_3D('',#4010,#3224,#3225);
#2723=AXIS2_PLACEMENT_3D('',#4016,#3229,#3230);
#2724=AXIS2_PLACEMENT_3D('',#4017,#3231,#3232);
#2725=AXIS2_PLACEMENT_3D('',#4021,#3234,#3235);
#2726=AXIS2_PLACEMENT_3D('',#4022,#3236,#3237);
#2727=AXIS2_PLACEMENT_3D('',#4028,#3241,#3242);
#2728=AXIS2_PLACEMENT_3D('',#4029,#3243,#3244);
#2729=AXIS2_PLACEMENT_3D('',#4033,#3246,#3247);
#2730=AXIS2_PLACEMENT_3D('',#4034,#3248,#3249);
#2731=AXIS2_PLACEMENT_3D('',#4035,#3250,#3251);
#2732=AXIS2_PLACEMENT_3D('',#4039,#3253,#3254);
#2733=AXIS2_PLACEMENT_3D('',#4040,#3255,#3256);
#2734=AXIS2_PLACEMENT_3D('',#4046,#3260,#3261);
#2735=AXIS2_PLACEMENT_3D('',#4047,#3262,#3263);
#2736=AXIS2_PLACEMENT_3D('',#4051,#3265,#3266);
#2737=AXIS2_PLACEMENT_3D('',#4052,#3267,#3268);
#2738=AXIS2_PLACEMENT_3D('',#4058,#3272,#3273);
#2739=AXIS2_PLACEMENT_3D('',#4059,#3274,#3275);
#2740=AXIS2_PLACEMENT_3D('',#4063,#3277,#3278);
#2741=AXIS2_PLACEMENT_3D('',#4064,#3279,#3280);
#2742=AXIS2_PLACEMENT_3D('',#4065,#3281,#3282);
#2743=AXIS2_PLACEMENT_3D('',#4069,#3284,#3285);
#2744=AXIS2_PLACEMENT_3D('',#4070,#3286,#3287);
#2745=AXIS2_PLACEMENT_3D('',#4076,#3291,#3292);
#2746=AXIS2_PLACEMENT_3D('',#4077,#3293,#3294);
#2747=AXIS2_PLACEMENT_3D('',#4081,#3296,#3297);
#2748=AXIS2_PLACEMENT_3D('',#4082,#3298,#3299);
#2749=AXIS2_PLACEMENT_3D('',#4088,#3303,#3304);
#2750=AXIS2_PLACEMENT_3D('',#4089,#3305,#3306);
#2751=AXIS2_PLACEMENT_3D('',#4093,#3308,#3309);
#2752=AXIS2_PLACEMENT_3D('',#4094,#3310,#3311);
#2753=AXIS2_PLACEMENT_3D('',#4100,#3315,#3316);
#2754=AXIS2_PLACEMENT_3D('',#4101,#3317,#3318);
#2755=AXIS2_PLACEMENT_3D('',#4105,#3320,#3321);
#2756=AXIS2_PLACEMENT_3D('',#4106,#3322,#3323);
#2757=AXIS2_PLACEMENT_3D('',#4107,#3324,#3325);
#2758=AXIS2_PLACEMENT_3D('',#4112,#3327,#3328);
#2759=AXIS2_PLACEMENT_3D('',#4115,#3330,#3331);
#2760=AXIS2_PLACEMENT_3D('',#4116,#3332,#3333);
#2761=AXIS2_PLACEMENT_3D('',#4120,#3335,#3336);
#2762=AXIS2_PLACEMENT_3D('',#4121,#3337,#3338);
#2763=AXIS2_PLACEMENT_3D('',#4127,#3342,#3343);
#2764=AXIS2_PLACEMENT_3D('',#4128,#3344,#3345);
#2765=AXIS2_PLACEMENT_3D('',#4132,#3347,#3348);
#2766=AXIS2_PLACEMENT_3D('',#4133,#3349,#3350);
#2767=AXIS2_PLACEMENT_3D('',#4139,#3354,#3355);
#2768=AXIS2_PLACEMENT_3D('',#4148,#3360,#3361);
#2769=AXIS2_PLACEMENT_3D('',#4149,#3362,#3363);
#2770=AXIS2_PLACEMENT_3D('',#4153,#3365,#3366);
#2771=AXIS2_PLACEMENT_3D('',#4154,#3367,#3368);
#2772=AXIS2_PLACEMENT_3D('',#4160,#3372,#3373);
#2773=AXIS2_PLACEMENT_3D('',#4169,#3378,#3379);
#2774=AXIS2_PLACEMENT_3D('',#4170,#3380,#3381);
#2775=AXIS2_PLACEMENT_3D('',#4174,#3383,#3384);
#2776=AXIS2_PLACEMENT_3D('',#4175,#3385,#3386);
#2777=AXIS2_PLACEMENT_3D('',#4181,#3390,#3391);
#2778=AXIS2_PLACEMENT_3D('',#4184,#3394,#3395);
#2779=AXIS2_PLACEMENT_3D('',#4187,#3398,#3399);
#2780=AXIS2_PLACEMENT_3D('',#4188,#3400,#3401);
#2781=AXIS2_PLACEMENT_3D('',#4189,#3402,#3403);
#2782=AXIS2_PLACEMENT_3D('',#4190,#3404,#3405);
#2783=AXIS2_PLACEMENT_3D('',#4191,#3406,#3407);
#2784=AXIS2_PLACEMENT_3D('',#4193,#3408,#3409);
#2785=AXIS2_PLACEMENT_3D('',#4195,#3410,#3411);
#2786=AXIS2_PLACEMENT_3D('',#4196,#3412,#3413);
#2787=AXIS2_PLACEMENT_3D('',#4198,#3414,#3415);
#2788=AXIS2_PLACEMENT_3D('',#4200,#3416,#3417);
#2789=AXIS2_PLACEMENT_3D('',#4201,#3418,#3419);
#2790=AXIS2_PLACEMENT_3D('',#4203,#3420,#3421);
#2791=AXIS2_PLACEMENT_3D('',#4205,#3422,#3423);
#2792=AXIS2_PLACEMENT_3D('',#4206,#3424,#3425);
#2793=AXIS2_PLACEMENT_3D('',#4208,#3426,#3427);
#2794=AXIS2_PLACEMENT_3D('',#4210,#3428,#3429);
#2795=AXIS2_PLACEMENT_3D('',#4211,#3430,#3431);
#2796=AXIS2_PLACEMENT_3D('',#4213,#3432,#3433);
#2797=AXIS2_PLACEMENT_3D('',#4215,#3434,#3435);
#2798=AXIS2_PLACEMENT_3D('',#4216,#3436,#3437);
#2799=AXIS2_PLACEMENT_3D('',#4218,#3438,#3439);
#2800=AXIS2_PLACEMENT_3D('',#4220,#3440,#3441);
#2801=AXIS2_PLACEMENT_3D('',#4221,#3442,#3443);
#2802=AXIS2_PLACEMENT_3D('',#4223,#3444,#3445);
#2803=AXIS2_PLACEMENT_3D('',#4225,#3446,#3447);
#2804=AXIS2_PLACEMENT_3D('',#4226,#3448,#3449);
#2805=AXIS2_PLACEMENT_3D('',#4228,#3450,#3451);
#2806=AXIS2_PLACEMENT_3D('',#4230,#3452,#3453);
#2807=AXIS2_PLACEMENT_3D('',#4231,#3454,#3455);
#2808=AXIS2_PLACEMENT_3D('',#4233,#3456,#3457);
#2809=AXIS2_PLACEMENT_3D('',#4235,#3458,#3459);
#2810=AXIS2_PLACEMENT_3D('',#4236,#3460,#3461);
#2811=AXIS2_PLACEMENT_3D('',#4238,#3462,#3463);
#2812=AXIS2_PLACEMENT_3D('',#4240,#3464,#3465);
#2813=AXIS2_PLACEMENT_3D('',#4241,#3466,#3467);
#2814=AXIS2_PLACEMENT_3D('',#4243,#3468,#3469);
#2815=AXIS2_PLACEMENT_3D('',#4245,#3470,#3471);
#2816=AXIS2_PLACEMENT_3D('',#4246,#3472,#3473);
#2817=AXIS2_PLACEMENT_3D('',#4248,#3474,#3475);
#2818=AXIS2_PLACEMENT_3D('',#4250,#3476,#3477);
#2819=AXIS2_PLACEMENT_3D('',#4251,#3478,#3479);
#2820=AXIS2_PLACEMENT_3D('',#4253,#3480,#3481);
#2821=AXIS2_PLACEMENT_3D('',#4255,#3482,#3483);
#2822=AXIS2_PLACEMENT_3D('',#4256,#3484,#3485);
#2823=AXIS2_PLACEMENT_3D('',#4258,#3486,#3487);
#2824=AXIS2_PLACEMENT_3D('',#4260,#3488,#3489);
#2825=AXIS2_PLACEMENT_3D('',#4261,#3490,#3491);
#2826=AXIS2_PLACEMENT_3D('',#4263,#3492,#3493);
#2827=AXIS2_PLACEMENT_3D('',#4265,#3494,#3495);
#2828=AXIS2_PLACEMENT_3D('',#4266,#3496,#3497);
#2829=AXIS2_PLACEMENT_3D('',#4268,#3498,#3499);
#2830=AXIS2_PLACEMENT_3D('',#4270,#3500,#3501);
#2831=AXIS2_PLACEMENT_3D('',#4271,#3502,#3503);
#2832=AXIS2_PLACEMENT_3D('',#4273,#3504,#3505);
#2833=AXIS2_PLACEMENT_3D('',#4275,#3506,#3507);
#2834=AXIS2_PLACEMENT_3D('',#4276,#3508,#3509);
#2835=AXIS2_PLACEMENT_3D('',#4278,#3510,#3511);
#2836=AXIS2_PLACEMENT_3D('',#4280,#3512,#3513);
#2837=AXIS2_PLACEMENT_3D('',#4281,#3514,#3515);
#2838=AXIS2_PLACEMENT_3D('',#4283,#3516,#3517);
#2839=AXIS2_PLACEMENT_3D('',#4285,#3518,#3519);
#2840=AXIS2_PLACEMENT_3D('',#4286,#3520,#3521);
#2841=AXIS2_PLACEMENT_3D('',#4288,#3522,#3523);
#2842=AXIS2_PLACEMENT_3D('',#4290,#3524,#3525);
#2843=AXIS2_PLACEMENT_3D('',#4291,#3526,#3527);
#2844=AXIS2_PLACEMENT_3D('',#4293,#3528,#3529);
#2845=AXIS2_PLACEMENT_3D('',#4295,#3530,#3531);
#2846=AXIS2_PLACEMENT_3D('',#4296,#3532,#3533);
#2847=AXIS2_PLACEMENT_3D('',#4298,#3534,#3535);
#2848=AXIS2_PLACEMENT_3D('',#4300,#3536,#3537);
#2849=AXIS2_PLACEMENT_3D('',#4301,#3538,#3539);
#2850=AXIS2_PLACEMENT_3D('',#4303,#3540,#3541);
#2851=AXIS2_PLACEMENT_3D('',#4305,#3542,#3543);
#2852=AXIS2_PLACEMENT_3D('',#4306,#3544,#3545);
#2853=AXIS2_PLACEMENT_3D('',#4308,#3546,#3547);
#2854=AXIS2_PLACEMENT_3D('',#4310,#3548,#3549);
#2855=AXIS2_PLACEMENT_3D('',#4311,#3550,#3551);
#2856=AXIS2_PLACEMENT_3D('',#4313,#3552,#3553);
#2857=AXIS2_PLACEMENT_3D('',#4315,#3554,#3555);
#2858=AXIS2_PLACEMENT_3D('',#4316,#3556,#3557);
#2859=AXIS2_PLACEMENT_3D('',#4318,#3558,#3559);
#2860=AXIS2_PLACEMENT_3D('',#4320,#3560,#3561);
#2861=AXIS2_PLACEMENT_3D('',#4321,#3562,#3563);
#2862=AXIS2_PLACEMENT_3D('',#4323,#3564,#3565);
#2863=AXIS2_PLACEMENT_3D('',#4325,#3566,#3567);
#2864=AXIS2_PLACEMENT_3D('',#4326,#3568,#3569);
#2865=AXIS2_PLACEMENT_3D('',#4328,#3570,#3571);
#2866=AXIS2_PLACEMENT_3D('',#4330,#3572,#3573);
#2867=AXIS2_PLACEMENT_3D('',#4331,#3574,#3575);
#2868=AXIS2_PLACEMENT_3D('',#4333,#3576,#3577);
#2869=AXIS2_PLACEMENT_3D('',#4335,#3578,#3579);
#2870=AXIS2_PLACEMENT_3D('',#4336,#3580,#3581);
#2871=AXIS2_PLACEMENT_3D('',#4338,#3582,#3583);
#2872=AXIS2_PLACEMENT_3D('',#4340,#3584,#3585);
#2873=AXIS2_PLACEMENT_3D('',#4341,#3586,#3587);
#2874=AXIS2_PLACEMENT_3D('',#4343,#3588,#3589);
#2875=AXIS2_PLACEMENT_3D('',#4345,#3590,#3591);
#2876=AXIS2_PLACEMENT_3D('',#4346,#3592,#3593);
#2877=AXIS2_PLACEMENT_3D('',#4348,#3594,#3595);
#2878=AXIS2_PLACEMENT_3D('',#4350,#3596,#3597);
#2879=AXIS2_PLACEMENT_3D('',#4351,#3598,#3599);
#2880=AXIS2_PLACEMENT_3D('',#4353,#3600,#3601);
#2881=AXIS2_PLACEMENT_3D('',#4355,#3602,#3603);
#2882=AXIS2_PLACEMENT_3D('',#4356,#3604,#3605);
#2883=AXIS2_PLACEMENT_3D('',#4358,#3606,#3607);
#2884=AXIS2_PLACEMENT_3D('',#4360,#3608,#3609);
#2885=AXIS2_PLACEMENT_3D('',#4361,#3610,#3611);
#2886=AXIS2_PLACEMENT_3D('',#4363,#3612,#3613);
#2887=AXIS2_PLACEMENT_3D('',#4365,#3614,#3615);
#2888=AXIS2_PLACEMENT_3D('',#4366,#3616,#3617);
#2889=AXIS2_PLACEMENT_3D('',#4368,#3618,#3619);
#2890=AXIS2_PLACEMENT_3D('',#4370,#3620,#3621);
#2891=AXIS2_PLACEMENT_3D('',#4371,#3622,#3623);
#2892=AXIS2_PLACEMENT_3D('',#4373,#3624,#3625);
#2893=AXIS2_PLACEMENT_3D('',#4375,#3626,#3627);
#2894=AXIS2_PLACEMENT_3D('',#4376,#3628,#3629);
#2895=AXIS2_PLACEMENT_3D('',#4378,#3630,#3631);
#2896=AXIS2_PLACEMENT_3D('',#4380,#3632,#3633);
#2897=AXIS2_PLACEMENT_3D('',#4381,#3634,#3635);
#2898=AXIS2_PLACEMENT_3D('',#4383,#3636,#3637);
#2899=AXIS2_PLACEMENT_3D('',#4385,#3638,#3639);
#2900=AXIS2_PLACEMENT_3D('',#4386,#3640,#3641);
#2901=AXIS2_PLACEMENT_3D('',#4388,#3642,#3643);
#2902=AXIS2_PLACEMENT_3D('',#4390,#3644,#3645);
#2903=AXIS2_PLACEMENT_3D('',#4391,#3646,#3647);
#2904=AXIS2_PLACEMENT_3D('',#4393,#3648,#3649);
#2905=AXIS2_PLACEMENT_3D('',#4395,#3650,#3651);
#2906=AXIS2_PLACEMENT_3D('',#4396,#3652,#3653);
#2907=AXIS2_PLACEMENT_3D('',#4398,#3654,#3655);
#2908=AXIS2_PLACEMENT_3D('',#4400,#3656,#3657);
#2909=AXIS2_PLACEMENT_3D('',#4401,#3658,#3659);
#2910=AXIS2_PLACEMENT_3D('',#4403,#3660,#3661);
#2911=AXIS2_PLACEMENT_3D('',#4405,#3662,#3663);
#2912=AXIS2_PLACEMENT_3D('',#4406,#3664,#3665);
#2913=AXIS2_PLACEMENT_3D('',#4408,#3666,#3667);
#2914=AXIS2_PLACEMENT_3D('',#4410,#3668,#3669);
#2915=AXIS2_PLACEMENT_3D('',#4411,#3670,#3671);
#2916=AXIS2_PLACEMENT_3D('',#4413,#3672,#3673);
#2917=AXIS2_PLACEMENT_3D('',#4415,#3674,#3675);
#2918=AXIS2_PLACEMENT_3D('',#4416,#3676,#3677);
#2919=AXIS2_PLACEMENT_3D('',#4418,#3678,#3679);
#2920=AXIS2_PLACEMENT_3D('',#4420,#3680,#3681);
#2921=AXIS2_PLACEMENT_3D('',#4421,#3682,#3683);
#2922=AXIS2_PLACEMENT_3D('',#4423,#3684,#3685);
#2923=AXIS2_PLACEMENT_3D('',#4425,#3686,#3687);
#2924=AXIS2_PLACEMENT_3D('',#4426,#3688,#3689);
#2925=AXIS2_PLACEMENT_3D('',#4428,#3690,#3691);
#2926=AXIS2_PLACEMENT_3D('',#4430,#3692,#3693);
#2927=AXIS2_PLACEMENT_3D('',#4431,#3694,#3695);
#2928=AXIS2_PLACEMENT_3D('',#4433,#3696,#3697);
#2929=AXIS2_PLACEMENT_3D('',#4435,#3698,#3699);
#2930=AXIS2_PLACEMENT_3D('',#4436,#3700,#3701);
#2931=AXIS2_PLACEMENT_3D('',#4438,#3702,#3703);
#2932=AXIS2_PLACEMENT_3D('',#4440,#3704,#3705);
#2933=AXIS2_PLACEMENT_3D('',#4441,#3706,#3707);
#2934=AXIS2_PLACEMENT_3D('',#4443,#3708,#3709);
#2935=AXIS2_PLACEMENT_3D('',#4445,#3710,#3711);
#2936=AXIS2_PLACEMENT_3D('',#4446,#3712,#3713);
#2937=AXIS2_PLACEMENT_3D('',#4447,#3714,#3715);
#2938=AXIS2_PLACEMENT_3D('',#4448,#3716,#3717);
#2939=AXIS2_PLACEMENT_3D('',#4449,#3718,#3719);
#2940=AXIS2_PLACEMENT_3D('',#4450,#3720,#3721);
#2941=AXIS2_PLACEMENT_3D('',#4451,#3722,#3723);
#2942=AXIS2_PLACEMENT_3D('',#4454,#3726,#3727);
#2943=AXIS2_PLACEMENT_3D('',#4455,#3728,#3729);
#2944=DIRECTION('',(0.,0.,1.));
#2945=DIRECTION('',(1.,0.,0.));
#2946=DIRECTION('',(0.,0.,-1.));
#2947=DIRECTION('',(-1.,0.,0.));
#2948=DIRECTION('',(0.,0.,1.));
#2949=DIRECTION('',(1.,0.,0.));
#2950=DIRECTION('',(0.,0.,-1.));
#2951=DIRECTION('',(0.,0.,1.));
#2952=DIRECTION('',(1.,0.,0.));
#2953=DIRECTION('',(0.,0.,-1.));
#2954=DIRECTION('',(-1.,0.,0.));
#2955=DIRECTION('',(0.,0.,1.));
#2956=DIRECTION('',(0.,1.,0.));
#2957=DIRECTION('',(0.,0.,-1.));
#2958=DIRECTION('',(0.,1.,0.));
#2959=DIRECTION('',(0.,0.,-1.));
#2960=DIRECTION('',(-1.,0.,0.));
#2961=DIRECTION('',(0.,0.,1.));
#2962=DIRECTION('',(1.,0.,0.));
#2963=DIRECTION('',(0.,0.,-1.));
#2964=DIRECTION('',(0.,0.,1.));
#2965=DIRECTION('',(1.,0.,0.));
#2966=DIRECTION('',(0.,0.,-1.));
#2967=DIRECTION('',(-1.,0.,0.));
#2968=DIRECTION('',(0.,0.,1.));
#2969=DIRECTION('',(1.,0.,0.));
#2970=DIRECTION('',(0.,0.,-1.));
#2971=DIRECTION('',(0.,0.,1.));
#2972=DIRECTION('',(1.,0.,0.));
#2973=DIRECTION('',(0.,0.,-1.));
#2974=DIRECTION('',(-1.,0.,0.));
#2975=DIRECTION('',(0.,0.,1.));
#2976=DIRECTION('',(0.,1.,0.));
#2977=DIRECTION('',(0.,0.,-1.));
#2978=DIRECTION('',(0.,1.,0.));
#2979=DIRECTION('',(0.,0.,-1.));
#2980=DIRECTION('',(-1.,0.,0.));
#2981=DIRECTION('',(0.,0.,1.));
#2982=DIRECTION('',(1.,0.,0.));
#2983=DIRECTION('',(0.,0.,-1.));
#2984=DIRECTION('',(0.,0.,1.));
#2985=DIRECTION('',(1.,0.,0.));
#2986=DIRECTION('',(0.,0.,-1.));
#2987=DIRECTION('',(-1.,0.,0.));
#2988=DIRECTION('',(0.,0.,1.));
#2989=DIRECTION('',(1.,0.,0.));
#2990=DIRECTION('',(0.,0.,-1.));
#2991=DIRECTION('',(0.,0.,1.));
#2992=DIRECTION('',(1.,0.,0.));
#2993=DIRECTION('',(0.,0.,-1.));
#2994=DIRECTION('',(0.,1.,0.));
#2995=DIRECTION('',(0.,0.,1.));
#2996=DIRECTION('',(1.,0.,0.));
#2997=DIRECTION('',(0.,0.,-1.));
#2998=DIRECTION('',(1.,0.,0.));
#2999=DIRECTION('',(0.,0.,-1.));
#3000=DIRECTION('',(-1.,0.,0.));
#3001=DIRECTION('',(0.,0.,1.));
#3002=DIRECTION('',(1.,0.,0.));
#3003=DIRECTION('',(0.,0.,-1.));
#3004=DIRECTION('',(0.,0.,1.));
#3005=DIRECTION('',(1.,0.,0.));
#3006=DIRECTION('',(-1.,0.,0.));
#3007=DIRECTION('',(0.,0.,1.));
#3008=DIRECTION('',(0.,1.,0.));
#3009=DIRECTION('',(0.,0.,-1.));
#3010=DIRECTION('',(0.,1.,0.));
#3011=DIRECTION('',(0.,0.,-1.));
#3012=DIRECTION('',(-1.,0.,0.));
#3013=DIRECTION('',(0.,0.,1.));
#3014=DIRECTION('',(1.,0.,0.));
#3015=DIRECTION('',(0.,0.,-1.));
#3016=DIRECTION('',(0.,0.,1.));
#3017=DIRECTION('',(1.,0.,0.));
#3018=DIRECTION('',(-1.,0.,0.));
#3019=DIRECTION('',(0.,0.,1.));
#3020=DIRECTION('',(0.,1.,0.));
#3021=DIRECTION('',(0.,0.,-1.));
#3022=DIRECTION('',(0.,1.,0.));
#3023=DIRECTION('',(0.,0.,-1.));
#3024=DIRECTION('',(-1.,0.,0.));
#3025=DIRECTION('',(0.,0.,1.));
#3026=DIRECTION('',(1.,0.,0.));
#3027=DIRECTION('',(0.,0.,-1.));
#3028=DIRECTION('',(0.,0.,1.));
#3029=DIRECTION('',(1.,0.,0.));
#3030=DIRECTION('',(0.,1.,0.));
#3031=DIRECTION('',(0.,0.,1.));
#3032=DIRECTION('',(1.,0.,0.));
#3033=DIRECTION('',(0.,0.,-1.));
#3034=DIRECTION('',(1.,0.,0.));
#3035=DIRECTION('',(0.,0.,-1.));
#3036=DIRECTION('',(-1.,0.,0.));
#3037=DIRECTION('',(0.,0.,1.));
#3038=DIRECTION('',(1.,0.,0.));
#3039=DIRECTION('',(0.,0.,-1.));
#3040=DIRECTION('',(0.,0.,1.));
#3041=DIRECTION('',(1.,0.,0.));
#3042=DIRECTION('',(1.,0.,0.));
#3043=DIRECTION('',(0.,0.,-1.));
#3044=DIRECTION('',(0.,-1.,0.));
#3045=DIRECTION('',(0.,0.,-1.));
#3046=DIRECTION('',(0.,-1.,0.));
#3047=DIRECTION('',(0.,0.,-1.));
#3048=DIRECTION('',(-1.,0.,0.));
#3049=DIRECTION('',(0.,0.,1.));
#3050=DIRECTION('',(1.,0.,0.));
#3051=DIRECTION('',(0.,0.,-1.));
#3052=DIRECTION('',(0.,0.,1.));
#3053=DIRECTION('',(1.,0.,0.));
#3054=DIRECTION('',(0.,0.,-1.));
#3055=DIRECTION('',(-1.,0.,0.));
#3056=DIRECTION('',(0.,0.,1.));
#3057=DIRECTION('',(1.,0.,0.));
#3058=DIRECTION('',(0.,0.,-1.));
#3059=DIRECTION('',(0.,0.,1.));
#3060=DIRECTION('',(1.,0.,0.));
#3061=DIRECTION('',(-1.,0.,0.));
#3062=DIRECTION('',(0.,0.,1.));
#3063=DIRECTION('',(0.,1.,0.));
#3064=DIRECTION('',(0.,0.,-1.));
#3065=DIRECTION('',(0.,1.,0.));
#3066=DIRECTION('',(0.,0.,-1.));
#3067=DIRECTION('',(-1.,0.,0.));
#3068=DIRECTION('',(0.,0.,1.));
#3069=DIRECTION('',(1.,0.,0.));
#3070=DIRECTION('',(0.,0.,-1.));
#3071=DIRECTION('',(0.,0.,1.));
#3072=DIRECTION('',(1.,0.,0.));
#3073=DIRECTION('',(-1.,0.,0.));
#3074=DIRECTION('',(0.,0.,1.));
#3075=DIRECTION('',(0.,1.,0.));
#3076=DIRECTION('',(0.,0.,-1.));
#3077=DIRECTION('',(0.,1.,0.));
#3078=DIRECTION('',(0.,0.,-1.));
#3079=DIRECTION('',(-1.,0.,0.));
#3080=DIRECTION('',(0.,0.,1.));
#3081=DIRECTION('',(1.,0.,0.));
#3082=DIRECTION('',(0.,0.,-1.));
#3083=DIRECTION('',(0.,0.,1.));
#3084=DIRECTION('',(1.,0.,0.));
#3085=DIRECTION('',(0.,0.,-1.));
#3086=DIRECTION('',(-1.,0.,0.));
#3087=DIRECTION('',(0.,0.,1.));
#3088=DIRECTION('',(1.,0.,0.));
#3089=DIRECTION('',(0.,0.,-1.));
#3090=DIRECTION('',(0.,0.,1.));
#3091=DIRECTION('',(1.,0.,0.));
#3092=DIRECTION('',(1.,9.69185251672575E-15,0.));
#3093=DIRECTION('',(-9.69185251672575E-15,1.,0.));
#3094=DIRECTION('',(9.69185251672575E-15,-1.,0.));
#3095=DIRECTION('',(0.,0.,-1.));
#3096=DIRECTION('',(9.69185251672575E-15,-1.,0.));
#3097=DIRECTION('',(0.,0.,-1.));
#3098=DIRECTION('',(-1.,0.,0.));
#3099=DIRECTION('',(0.,0.,1.));
#3100=DIRECTION('',(1.,0.,0.));
#3101=DIRECTION('',(0.,0.,-1.));
#3102=DIRECTION('',(0.,0.,1.));
#3103=DIRECTION('',(1.,0.,0.));
#3104=DIRECTION('',(0.,1.,0.));
#3105=DIRECTION('',(0.,0.,1.));
#3106=DIRECTION('',(1.,0.,0.));
#3107=DIRECTION('',(0.,0.,-1.));
#3108=DIRECTION('',(1.,0.,0.));
#3109=DIRECTION('',(0.,0.,-1.));
#3110=DIRECTION('',(-1.,0.,0.));
#3111=DIRECTION('',(0.,0.,1.));
#3112=DIRECTION('',(1.,0.,0.));
#3113=DIRECTION('',(0.,0.,-1.));
#3114=DIRECTION('',(0.,0.,1.));
#3115=DIRECTION('',(1.,0.,0.));
#3116=DIRECTION('',(-1.,0.,0.));
#3117=DIRECTION('',(0.,0.,1.));
#3118=DIRECTION('',(0.,1.,0.));
#3119=DIRECTION('',(0.,0.,-1.));
#3120=DIRECTION('',(0.,1.,0.));
#3121=DIRECTION('',(0.,0.,-1.));
#3122=DIRECTION('',(-1.,0.,0.));
#3123=DIRECTION('',(0.,0.,1.));
#3124=DIRECTION('',(1.,0.,0.));
#3125=DIRECTION('',(0.,0.,-1.));
#3126=DIRECTION('',(0.,0.,1.));
#3127=DIRECTION('',(1.,0.,0.));
#3128=DIRECTION('',(-1.,0.,0.));
#3129=DIRECTION('',(0.,0.,1.));
#3130=DIRECTION('',(0.,1.,0.));
#3131=DIRECTION('',(0.,0.,-1.));
#3132=DIRECTION('',(0.,1.,0.));
#3133=DIRECTION('',(0.,0.,-1.));
#3134=DIRECTION('',(-1.,0.,0.));
#3135=DIRECTION('',(0.,0.,1.));
#3136=DIRECTION('',(1.,0.,0.));
#3137=DIRECTION('',(0.,0.,-1.));
#3138=DIRECTION('',(0.,0.,1.));
#3139=DIRECTION('',(1.,0.,0.));
#3140=DIRECTION('',(0.,1.,0.));
#3141=DIRECTION('',(0.,0.,1.));
#3142=DIRECTION('',(1.,0.,0.));
#3143=DIRECTION('',(0.,0.,-1.));
#3144=DIRECTION('',(1.,0.,0.));
#3145=DIRECTION('',(0.,0.,-1.));
#3146=DIRECTION('',(-1.,0.,0.));
#3147=DIRECTION('',(0.,0.,1.));
#3148=DIRECTION('',(1.,0.,0.));
#3149=DIRECTION('',(0.,0.,-1.));
#3150=DIRECTION('',(0.,0.,1.));
#3151=DIRECTION('',(1.,0.,0.));
#3152=DIRECTION('',(-1.,0.,0.));
#3153=DIRECTION('',(0.,0.,1.));
#3154=DIRECTION('',(0.,1.,0.));
#3155=DIRECTION('',(0.,0.,-1.));
#3156=DIRECTION('',(0.,1.,0.));
#3157=DIRECTION('',(0.,0.,-1.));
#3158=DIRECTION('',(-1.,0.,0.));
#3159=DIRECTION('',(0.,0.,1.));
#3160=DIRECTION('',(1.,0.,0.));
#3161=DIRECTION('',(0.,0.,-1.));
#3162=DIRECTION('',(0.,0.,1.));
#3163=DIRECTION('',(1.,0.,0.));
#3164=DIRECTION('',(0.,1.,0.));
#3165=DIRECTION('',(0.,0.,1.));
#3166=DIRECTION('',(1.,0.,0.));
#3167=DIRECTION('',(0.,0.,-1.));
#3168=DIRECTION('',(1.,0.,0.));
#3169=DIRECTION('',(0.,0.,-1.));
#3170=DIRECTION('',(-1.,0.,0.));
#3171=DIRECTION('',(0.,0.,1.));
#3172=DIRECTION('',(1.,0.,0.));
#3173=DIRECTION('',(0.,0.,-1.));
#3174=DIRECTION('',(0.,0.,1.));
#3175=DIRECTION('',(1.,0.,0.));
#3176=DIRECTION('',(1.,0.,0.));
#3177=DIRECTION('',(0.,0.,-1.));
#3178=DIRECTION('',(0.,-1.,0.));
#3179=DIRECTION('',(0.,0.,-1.));
#3180=DIRECTION('',(0.,-1.,0.));
#3181=DIRECTION('',(0.,0.,-1.));
#3182=DIRECTION('',(-1.,0.,0.));
#3183=DIRECTION('',(0.,0.,1.));
#3184=DIRECTION('',(1.,0.,0.));
#3185=DIRECTION('',(0.,0.,-1.));
#3186=DIRECTION('',(0.,0.,1.));
#3187=DIRECTION('',(1.,0.,0.));
#3188=DIRECTION('',(-3.38895917162746E-16,-1.,0.));
#3189=DIRECTION('',(1.,-3.38895917162746E-16,0.));
#3190=DIRECTION('',(-1.,3.38895917162746E-16,0.));
#3191=DIRECTION('',(0.,0.,-1.));
#3192=DIRECTION('',(-1.,3.38895917162746E-16,0.));
#3193=DIRECTION('',(0.,0.,-1.));
#3194=DIRECTION('',(-1.,0.,0.));
#3195=DIRECTION('',(0.,0.,1.));
#3196=DIRECTION('',(1.,0.,0.));
#3197=DIRECTION('',(0.,0.,-1.));
#3198=DIRECTION('',(0.,0.,1.));
#3199=DIRECTION('',(1.,0.,0.));
#3200=DIRECTION('',(-1.,8.32667268468871E-15,0.));
#3201=DIRECTION('',(-8.32667268468871E-15,-1.,0.));
#3202=DIRECTION('',(8.32667268468871E-15,1.,0.));
#3203=DIRECTION('',(0.,0.,-1.));
#3204=DIRECTION('',(8.32667268468871E-15,1.,0.));
#3205=DIRECTION('',(0.,0.,-1.));
#3206=DIRECTION('',(-1.,0.,0.));
#3207=DIRECTION('',(0.,0.,1.));
#3208=DIRECTION('',(1.,0.,0.));
#3209=DIRECTION('',(0.,0.,-1.));
#3210=DIRECTION('',(0.,0.,1.));
#3211=DIRECTION('',(1.,0.,0.));
#3212=DIRECTION('',(-1.,1.11022302462517E-14,0.));
#3213=DIRECTION('',(-1.11022302462517E-14,-1.,0.));
#3214=DIRECTION('',(1.11022302462517E-14,1.,0.));
#3215=DIRECTION('',(0.,0.,-1.));
#3216=DIRECTION('',(1.11022302462517E-14,1.,0.));
#3217=DIRECTION('',(0.,0.,-1.));
#3218=DIRECTION('',(-1.,0.,0.));
#3219=DIRECTION('',(0.,0.,1.));
#3220=DIRECTION('',(1.,0.,0.));
#3221=DIRECTION('',(0.,0.,-1.));
#3222=DIRECTION('',(0.,0.,1.));
#3223=DIRECTION('',(1.,0.,0.));
#3224=DIRECTION('',(-3.28468350480815E-15,-1.,0.));
#3225=DIRECTION('',(1.,-3.28468350480815E-15,0.));
#3226=DIRECTION('',(-1.,3.28468350480815E-15,0.));
#3227=DIRECTION('',(0.,0.,-1.));
#3228=DIRECTION('',(-1.,3.28468350480815E-15,0.));
#3229=DIRECTION('',(0.,0.,-1.));
#3230=DIRECTION('',(-1.,0.,0.));
#3231=DIRECTION('',(0.,0.,1.));
#3232=DIRECTION('',(1.,0.,0.));
#3233=DIRECTION('',(0.,0.,-1.));
#3234=DIRECTION('',(0.,0.,1.));
#3235=DIRECTION('',(1.,0.,0.));
#3236=DIRECTION('',(1.,0.,0.));
#3237=DIRECTION('',(0.,0.,-1.));
#3238=DIRECTION('',(0.,-1.,0.));
#3239=DIRECTION('',(0.,0.,-1.));
#3240=DIRECTION('',(0.,-1.,0.));
#3241=DIRECTION('',(0.,0.,-1.));
#3242=DIRECTION('',(-1.,0.,0.));
#3243=DIRECTION('',(0.,0.,1.));
#3244=DIRECTION('',(1.,0.,0.));
#3245=DIRECTION('',(0.,0.,-1.));
#3246=DIRECTION('',(0.,0.,1.));
#3247=DIRECTION('',(1.,0.,0.));
#3248=DIRECTION('',(0.,0.,-1.));
#3249=DIRECTION('',(-1.,0.,0.));
#3250=DIRECTION('',(0.,0.,1.));
#3251=DIRECTION('',(1.,0.,0.));
#3252=DIRECTION('',(0.,0.,-1.));
#3253=DIRECTION('',(0.,0.,1.));
#3254=DIRECTION('',(1.,0.,0.));
#3255=DIRECTION('',(-1.,-2.77555756156285E-14,0.));
#3256=DIRECTION('',(2.77555756156285E-14,-1.,0.));
#3257=DIRECTION('',(-2.77555756156285E-14,1.,0.));
#3258=DIRECTION('',(0.,0.,-1.));
#3259=DIRECTION('',(-2.77555756156285E-14,1.,0.));
#3260=DIRECTION('',(0.,0.,-1.));
#3261=DIRECTION('',(-1.,0.,0.));
#3262=DIRECTION('',(0.,0.,1.));
#3263=DIRECTION('',(1.,0.,0.));
#3264=DIRECTION('',(0.,0.,-1.));
#3265=DIRECTION('',(0.,0.,1.));
#3266=DIRECTION('',(1.,0.,0.));
#3267=DIRECTION('',(-1.,1.73472347597681E-14,0.));
#3268=DIRECTION('',(-1.73472347597681E-14,-1.,0.));
#3269=DIRECTION('',(1.73472347597681E-14,1.,0.));
#3270=DIRECTION('',(0.,0.,-1.));
#3271=DIRECTION('',(1.73472347597681E-14,1.,0.));
#3272=DIRECTION('',(0.,0.,-1.));
#3273=DIRECTION('',(-1.,0.,0.));
#3274=DIRECTION('',(0.,0.,1.));
#3275=DIRECTION('',(1.,0.,0.));
#3276=DIRECTION('',(0.,0.,-1.));
#3277=DIRECTION('',(0.,0.,1.));
#3278=DIRECTION('',(1.,0.,0.));
#3279=DIRECTION('',(0.,0.,-1.));
#3280=DIRECTION('',(-1.,0.,0.));
#3281=DIRECTION('',(0.,0.,1.));
#3282=DIRECTION('',(1.,0.,0.));
#3283=DIRECTION('',(0.,0.,-1.));
#3284=DIRECTION('',(0.,0.,1.));
#3285=DIRECTION('',(1.,0.,0.));
#3286=DIRECTION('',(1.,1.93837050334511E-14,0.));
#3287=DIRECTION('',(-1.93837050334511E-14,1.,0.));
#3288=DIRECTION('',(1.93837050334511E-14,-1.,0.));
#3289=DIRECTION('',(0.,0.,-1.));
#3290=DIRECTION('',(1.93837050334511E-14,-1.,0.));
#3291=DIRECTION('',(0.,0.,-1.));
#3292=DIRECTION('',(-1.,0.,0.));
#3293=DIRECTION('',(0.,0.,1.));
#3294=DIRECTION('',(1.,0.,0.));
#3295=DIRECTION('',(0.,0.,-1.));
#3296=DIRECTION('',(0.,0.,1.));
#3297=DIRECTION('',(1.,0.,0.));
#3298=DIRECTION('',(1.64234175240409E-15,-1.,0.));
#3299=DIRECTION('',(1.,1.64234175240409E-15,0.));
#3300=DIRECTION('',(-1.,-1.64234175240409E-15,0.));
#3301=DIRECTION('',(0.,0.,-1.));
#3302=DIRECTION('',(-1.,-1.64234175240409E-15,0.));
#3303=DIRECTION('',(0.,0.,-1.));
#3304=DIRECTION('',(-1.,0.,0.));
#3305=DIRECTION('',(0.,0.,1.));
#3306=DIRECTION('',(1.,0.,0.));
#3307=DIRECTION('',(0.,0.,-1.));
#3308=DIRECTION('',(0.,0.,1.));
#3309=DIRECTION('',(1.,0.,0.));
#3310=DIRECTION('',(-1.,5.55111512312575E-15,0.));
#3311=DIRECTION('',(-5.55111512312575E-15,-1.,0.));
#3312=DIRECTION('',(5.55111512312575E-15,1.,0.));
#3313=DIRECTION('',(0.,0.,-1.));
#3314=DIRECTION('',(5.55111512312575E-15,1.,0.));
#3315=DIRECTION('',(0.,0.,-1.));
#3316=DIRECTION('',(-1.,0.,0.));
#3317=DIRECTION('',(0.,0.,1.));
#3318=DIRECTION('',(1.,0.,0.));
#3319=DIRECTION('',(0.,0.,-1.));
#3320=DIRECTION('',(0.,0.,1.));
#3321=DIRECTION('',(1.,0.,0.));
#3322=DIRECTION('',(0.,0.,-1.));
#3323=DIRECTION('',(-1.,0.,0.));
#3324=DIRECTION('',(0.,0.,1.));
#3325=DIRECTION('',(1.,0.,0.));
#3326=DIRECTION('',(0.,0.,-1.));
#3327=DIRECTION('',(0.,0.,1.));
#3328=DIRECTION('',(1.,0.,0.));
#3329=DIRECTION('',(0.,0.,-1.));
#3330=DIRECTION('',(0.,0.,-1.));
#3331=DIRECTION('',(-1.,0.,0.));
#3332=DIRECTION('',(0.,0.,1.));
#3333=DIRECTION('',(1.,0.,0.));
#3334=DIRECTION('',(0.,0.,-1.));
#3335=DIRECTION('',(0.,0.,1.));
#3336=DIRECTION('',(1.,0.,0.));
#3337=DIRECTION('',(-0.923879532511287,0.382683432365089,0.));
#3338=DIRECTION('',(-0.382683432365089,-0.923879532511287,0.));
#3339=DIRECTION('',(0.382683432365089,0.923879532511287,0.));
#3340=DIRECTION('',(0.,0.,-1.));
#3341=DIRECTION('',(0.382683432365089,0.923879532511287,0.));
#3342=DIRECTION('',(0.,0.,-1.));
#3343=DIRECTION('',(-1.,0.,0.));
#3344=DIRECTION('',(0.,0.,1.));
#3345=DIRECTION('',(1.,0.,0.));
#3346=DIRECTION('',(0.,0.,-1.));
#3347=DIRECTION('',(0.,0.,1.));
#3348=DIRECTION('',(1.,0.,0.));
#3349=DIRECTION('',(-0.923879532511287,0.38268343236509,0.));
#3350=DIRECTION('',(-0.38268343236509,-0.923879532511287,0.));
#3351=DIRECTION('',(0.38268343236509,0.923879532511287,0.));
#3352=DIRECTION('',(0.,0.,-1.));
#3353=DIRECTION('',(0.38268343236509,0.923879532511287,0.));
#3354=DIRECTION('',(-1.,-1.73472347597678E-14,0.));
#3355=DIRECTION('',(1.73472347597678E-14,-1.,0.));
#3356=DIRECTION('',(-1.73472347597678E-14,1.,0.));
#3357=DIRECTION('',(0.,0.,-1.));
#3358=DIRECTION('',(-1.73472347597678E-14,1.,0.));
#3359=DIRECTION('',(0.,0.,-1.));
#3360=DIRECTION('',(0.,0.,-1.));
#3361=DIRECTION('',(-1.,0.,0.));
#3362=DIRECTION('',(0.,0.,1.));
#3363=DIRECTION('',(1.,0.,0.));
#3364=DIRECTION('',(0.,0.,-1.));
#3365=DIRECTION('',(0.,0.,1.));
#3366=DIRECTION('',(1.,0.,0.));
#3367=DIRECTION('',(1.,6.93889390390718E-15,0.));
#3368=DIRECTION('',(-6.93889390390718E-15,1.,0.));
#3369=DIRECTION('',(6.93889390390717E-15,-1.,0.));
#3370=DIRECTION('',(0.,0.,-1.));
#3371=DIRECTION('',(6.93889390390717E-15,-1.,0.));
#3372=DIRECTION('',(-1.,1.38777878078144E-14,0.));
#3373=DIRECTION('',(-1.38777878078144E-14,-1.,0.));
#3374=DIRECTION('',(1.38777878078144E-14,1.,0.));
#3375=DIRECTION('',(0.,0.,-1.));
#3376=DIRECTION('',(1.38777878078144E-14,1.,0.));
#3377=DIRECTION('',(0.,0.,-1.));
#3378=DIRECTION('',(0.,0.,-1.));
#3379=DIRECTION('',(-1.,0.,0.));
#3380=DIRECTION('',(0.,0.,1.));
#3381=DIRECTION('',(1.,0.,0.));
#3382=DIRECTION('',(0.,0.,-1.));
#3383=DIRECTION('',(0.,0.,1.));
#3384=DIRECTION('',(1.,0.,0.));
#3385=DIRECTION('',(1.,8.67361737988397E-15,0.));
#3386=DIRECTION('',(-8.67361737988397E-15,1.,0.));
#3387=DIRECTION('',(8.67361737988397E-15,-1.,0.));
#3388=DIRECTION('',(0.,0.,-1.));
#3389=DIRECTION('',(8.67361737988397E-15,-1.,0.));
#3390=DIRECTION('',(1.,0.,0.));
#3391=DIRECTION('',(0.,0.,-1.));
#3392=DIRECTION('',(0.,-1.,0.));
#3393=DIRECTION('',(0.,-1.,0.));
#3394=DIRECTION('',(-1.,-2.77555756156289E-15,0.));
#3395=DIRECTION('',(2.77555756156289E-15,-1.,0.));
#3396=DIRECTION('',(-2.77555756156289E-15,1.,0.));
#3397=DIRECTION('',(-2.77555756156289E-15,1.,0.));
#3398=DIRECTION('',(0.,0.,-1.));
#3399=DIRECTION('',(-1.,0.,0.));
#3400=DIRECTION('',(0.,0.,1.));
#3401=DIRECTION('',(1.,0.,0.));
#3402=DIRECTION('',(0.,0.,1.));
#3403=DIRECTION('',(1.,0.,0.));
#3404=DIRECTION('',(0.,0.,-1.));
#3405=DIRECTION('',(-1.,0.,0.));
#3406=DIRECTION('',(0.,0.,1.));
#3407=DIRECTION('',(1.,0.,0.));
#3408=DIRECTION('',(0.,0.,1.));
#3409=DIRECTION('',(1.,0.,0.));
#3410=DIRECTION('',(0.,0.,-1.));
#3411=DIRECTION('',(-1.,0.,0.));
#3412=DIRECTION('',(0.,0.,1.));
#3413=DIRECTION('',(1.,0.,0.));
#3414=DIRECTION('',(0.,0.,1.));
#3415=DIRECTION('',(1.,0.,0.));
#3416=DIRECTION('',(0.,0.,-1.));
#3417=DIRECTION('',(-1.,0.,0.));
#3418=DIRECTION('',(0.,0.,1.));
#3419=DIRECTION('',(1.,0.,0.));
#3420=DIRECTION('',(0.,0.,1.));
#3421=DIRECTION('',(1.,0.,0.));
#3422=DIRECTION('',(0.,0.,-1.));
#3423=DIRECTION('',(-1.,0.,0.));
#3424=DIRECTION('',(0.,0.,1.));
#3425=DIRECTION('',(1.,0.,0.));
#3426=DIRECTION('',(0.,0.,1.));
#3427=DIRECTION('',(1.,0.,0.));
#3428=DIRECTION('',(0.,0.,-1.));
#3429=DIRECTION('',(-1.,0.,0.));
#3430=DIRECTION('',(0.,0.,1.));
#3431=DIRECTION('',(1.,0.,0.));
#3432=DIRECTION('',(0.,0.,1.));
#3433=DIRECTION('',(1.,0.,0.));
#3434=DIRECTION('',(0.,0.,-1.));
#3435=DIRECTION('',(-1.,0.,0.));
#3436=DIRECTION('',(0.,0.,1.));
#3437=DIRECTION('',(1.,0.,0.));
#3438=DIRECTION('',(0.,0.,1.));
#3439=DIRECTION('',(1.,0.,0.));
#3440=DIRECTION('',(0.,0.,-1.));
#3441=DIRECTION('',(-1.,0.,0.));
#3442=DIRECTION('',(0.,0.,1.));
#3443=DIRECTION('',(1.,0.,0.));
#3444=DIRECTION('',(0.,0.,1.));
#3445=DIRECTION('',(1.,0.,0.));
#3446=DIRECTION('',(0.,0.,-1.));
#3447=DIRECTION('',(-1.,0.,0.));
#3448=DIRECTION('',(0.,0.,1.));
#3449=DIRECTION('',(1.,0.,0.));
#3450=DIRECTION('',(0.,0.,1.));
#3451=DIRECTION('',(1.,0.,0.));
#3452=DIRECTION('',(0.,0.,-1.));
#3453=DIRECTION('',(-1.,0.,0.));
#3454=DIRECTION('',(0.,0.,1.));
#3455=DIRECTION('',(1.,0.,0.));
#3456=DIRECTION('',(0.,0.,1.));
#3457=DIRECTION('',(1.,0.,0.));
#3458=DIRECTION('',(0.,0.,-1.));
#3459=DIRECTION('',(-1.,0.,0.));
#3460=DIRECTION('',(0.,0.,1.));
#3461=DIRECTION('',(1.,0.,0.));
#3462=DIRECTION('',(0.,0.,1.));
#3463=DIRECTION('',(1.,0.,0.));
#3464=DIRECTION('',(0.,0.,-1.));
#3465=DIRECTION('',(-1.,0.,0.));
#3466=DIRECTION('',(0.,0.,1.));
#3467=DIRECTION('',(1.,0.,0.));
#3468=DIRECTION('',(0.,0.,1.));
#3469=DIRECTION('',(1.,0.,0.));
#3470=DIRECTION('',(0.,0.,-1.));
#3471=DIRECTION('',(-1.,0.,0.));
#3472=DIRECTION('',(0.,0.,1.));
#3473=DIRECTION('',(1.,0.,0.));
#3474=DIRECTION('',(0.,0.,1.));
#3475=DIRECTION('',(1.,0.,0.));
#3476=DIRECTION('',(0.,0.,-1.));
#3477=DIRECTION('',(-1.,0.,0.));
#3478=DIRECTION('',(0.,0.,1.));
#3479=DIRECTION('',(1.,0.,0.));
#3480=DIRECTION('',(0.,0.,1.));
#3481=DIRECTION('',(1.,0.,0.));
#3482=DIRECTION('',(0.,0.,-1.));
#3483=DIRECTION('',(-1.,0.,0.));
#3484=DIRECTION('',(0.,0.,1.));
#3485=DIRECTION('',(1.,0.,0.));
#3486=DIRECTION('',(0.,0.,1.));
#3487=DIRECTION('',(1.,0.,0.));
#3488=DIRECTION('',(0.,0.,-1.));
#3489=DIRECTION('',(-1.,0.,0.));
#3490=DIRECTION('',(0.,0.,1.));
#3491=DIRECTION('',(1.,0.,0.));
#3492=DIRECTION('',(0.,0.,1.));
#3493=DIRECTION('',(1.,0.,0.));
#3494=DIRECTION('',(0.,0.,-1.));
#3495=DIRECTION('',(-1.,0.,0.));
#3496=DIRECTION('',(0.,0.,1.));
#3497=DIRECTION('',(1.,0.,0.));
#3498=DIRECTION('',(0.,0.,1.));
#3499=DIRECTION('',(1.,0.,0.));
#3500=DIRECTION('',(0.,0.,-1.));
#3501=DIRECTION('',(-1.,0.,0.));
#3502=DIRECTION('',(0.,0.,1.));
#3503=DIRECTION('',(1.,0.,0.));
#3504=DIRECTION('',(0.,0.,1.));
#3505=DIRECTION('',(1.,0.,0.));
#3506=DIRECTION('',(0.,0.,-1.));
#3507=DIRECTION('',(-1.,0.,0.));
#3508=DIRECTION('',(0.,0.,1.));
#3509=DIRECTION('',(1.,0.,0.));
#3510=DIRECTION('',(0.,0.,1.));
#3511=DIRECTION('',(1.,0.,0.));
#3512=DIRECTION('',(0.,0.,-1.));
#3513=DIRECTION('',(-1.,0.,0.));
#3514=DIRECTION('',(0.,0.,1.));
#3515=DIRECTION('',(1.,0.,0.));
#3516=DIRECTION('',(0.,0.,1.));
#3517=DIRECTION('',(1.,0.,0.));
#3518=DIRECTION('',(0.,0.,-1.));
#3519=DIRECTION('',(-1.,0.,0.));
#3520=DIRECTION('',(0.,0.,1.));
#3521=DIRECTION('',(1.,0.,0.));
#3522=DIRECTION('',(0.,0.,1.));
#3523=DIRECTION('',(1.,0.,0.));
#3524=DIRECTION('',(0.,0.,-1.));
#3525=DIRECTION('',(-1.,0.,0.));
#3526=DIRECTION('',(0.,0.,1.));
#3527=DIRECTION('',(1.,0.,0.));
#3528=DIRECTION('',(0.,0.,1.));
#3529=DIRECTION('',(1.,0.,0.));
#3530=DIRECTION('',(0.,0.,-1.));
#3531=DIRECTION('',(-1.,0.,0.));
#3532=DIRECTION('',(0.,0.,1.));
#3533=DIRECTION('',(1.,0.,0.));
#3534=DIRECTION('',(0.,0.,1.));
#3535=DIRECTION('',(1.,0.,0.));
#3536=DIRECTION('',(0.,0.,-1.));
#3537=DIRECTION('',(-1.,0.,0.));
#3538=DIRECTION('',(0.,0.,1.));
#3539=DIRECTION('',(1.,0.,0.));
#3540=DIRECTION('',(0.,0.,1.));
#3541=DIRECTION('',(1.,0.,0.));
#3542=DIRECTION('',(0.,0.,-1.));
#3543=DIRECTION('',(-1.,0.,0.));
#3544=DIRECTION('',(0.,0.,1.));
#3545=DIRECTION('',(1.,0.,0.));
#3546=DIRECTION('',(0.,0.,1.));
#3547=DIRECTION('',(1.,0.,0.));
#3548=DIRECTION('',(0.,0.,-1.));
#3549=DIRECTION('',(-1.,0.,0.));
#3550=DIRECTION('',(0.,0.,1.));
#3551=DIRECTION('',(1.,0.,0.));
#3552=DIRECTION('',(0.,0.,1.));
#3553=DIRECTION('',(1.,0.,0.));
#3554=DIRECTION('',(0.,0.,-1.));
#3555=DIRECTION('',(-1.,0.,0.));
#3556=DIRECTION('',(0.,0.,1.));
#3557=DIRECTION('',(1.,0.,0.));
#3558=DIRECTION('',(0.,0.,1.));
#3559=DIRECTION('',(1.,0.,0.));
#3560=DIRECTION('',(0.,0.,-1.));
#3561=DIRECTION('',(-1.,0.,0.));
#3562=DIRECTION('',(0.,0.,1.));
#3563=DIRECTION('',(1.,0.,0.));
#3564=DIRECTION('',(0.,0.,1.));
#3565=DIRECTION('',(1.,0.,0.));
#3566=DIRECTION('',(0.,0.,-1.));
#3567=DIRECTION('',(-1.,0.,0.));
#3568=DIRECTION('',(0.,0.,1.));
#3569=DIRECTION('',(1.,0.,0.));
#3570=DIRECTION('',(0.,0.,1.));
#3571=DIRECTION('',(1.,0.,0.));
#3572=DIRECTION('',(0.,0.,-1.));
#3573=DIRECTION('',(-1.,0.,0.));
#3574=DIRECTION('',(0.,0.,1.));
#3575=DIRECTION('',(1.,0.,0.));
#3576=DIRECTION('',(0.,0.,1.));
#3577=DIRECTION('',(1.,0.,0.));
#3578=DIRECTION('',(0.,0.,-1.));
#3579=DIRECTION('',(-1.,0.,0.));
#3580=DIRECTION('',(0.,0.,1.));
#3581=DIRECTION('',(1.,0.,0.));
#3582=DIRECTION('',(0.,0.,1.));
#3583=DIRECTION('',(1.,0.,0.));
#3584=DIRECTION('',(0.,0.,-1.));
#3585=DIRECTION('',(-1.,0.,0.));
#3586=DIRECTION('',(0.,0.,1.));
#3587=DIRECTION('',(1.,0.,0.));
#3588=DIRECTION('',(0.,0.,1.));
#3589=DIRECTION('',(1.,0.,0.));
#3590=DIRECTION('',(0.,0.,-1.));
#3591=DIRECTION('',(-1.,0.,0.));
#3592=DIRECTION('',(0.,0.,1.));
#3593=DIRECTION('',(1.,0.,0.));
#3594=DIRECTION('',(0.,0.,1.));
#3595=DIRECTION('',(1.,0.,0.));
#3596=DIRECTION('',(0.,0.,-1.));
#3597=DIRECTION('',(-1.,0.,0.));
#3598=DIRECTION('',(0.,0.,1.));
#3599=DIRECTION('',(1.,0.,0.));
#3600=DIRECTION('',(0.,0.,1.));
#3601=DIRECTION('',(1.,0.,0.));
#3602=DIRECTION('',(0.,0.,-1.));
#3603=DIRECTION('',(-1.,0.,0.));
#3604=DIRECTION('',(0.,0.,1.));
#3605=DIRECTION('',(1.,0.,0.));
#3606=DIRECTION('',(0.,0.,1.));
#3607=DIRECTION('',(1.,0.,0.));
#3608=DIRECTION('',(0.,0.,-1.));
#3609=DIRECTION('',(-1.,0.,0.));
#3610=DIRECTION('',(0.,0.,1.));
#3611=DIRECTION('',(1.,0.,0.));
#3612=DIRECTION('',(0.,0.,1.));
#3613=DIRECTION('',(1.,0.,0.));
#3614=DIRECTION('',(0.,0.,-1.));
#3615=DIRECTION('',(-1.,0.,0.));
#3616=DIRECTION('',(0.,0.,1.));
#3617=DIRECTION('',(1.,0.,0.));
#3618=DIRECTION('',(0.,0.,1.));
#3619=DIRECTION('',(1.,0.,0.));
#3620=DIRECTION('',(0.,0.,-1.));
#3621=DIRECTION('',(-1.,0.,0.));
#3622=DIRECTION('',(0.,0.,1.));
#3623=DIRECTION('',(1.,0.,0.));
#3624=DIRECTION('',(0.,0.,1.));
#3625=DIRECTION('',(1.,0.,0.));
#3626=DIRECTION('',(0.,0.,-1.));
#3627=DIRECTION('',(-1.,0.,0.));
#3628=DIRECTION('',(0.,0.,1.));
#3629=DIRECTION('',(1.,0.,0.));
#3630=DIRECTION('',(0.,0.,1.));
#3631=DIRECTION('',(1.,0.,0.));
#3632=DIRECTION('',(0.,0.,-1.));
#3633=DIRECTION('',(-1.,0.,0.));
#3634=DIRECTION('',(0.,0.,1.));
#3635=DIRECTION('',(1.,0.,0.));
#3636=DIRECTION('',(0.,0.,1.));
#3637=DIRECTION('',(1.,0.,0.));
#3638=DIRECTION('',(0.,0.,-1.));
#3639=DIRECTION('',(-1.,0.,0.));
#3640=DIRECTION('',(0.,0.,1.));
#3641=DIRECTION('',(1.,0.,0.));
#3642=DIRECTION('',(0.,0.,1.));
#3643=DIRECTION('',(1.,0.,0.));
#3644=DIRECTION('',(0.,0.,-1.));
#3645=DIRECTION('',(-1.,0.,0.));
#3646=DIRECTION('',(0.,0.,1.));
#3647=DIRECTION('',(1.,0.,0.));
#3648=DIRECTION('',(0.,0.,1.));
#3649=DIRECTION('',(1.,0.,0.));
#3650=DIRECTION('',(0.,0.,-1.));
#3651=DIRECTION('',(-1.,0.,0.));
#3652=DIRECTION('',(0.,0.,1.));
#3653=DIRECTION('',(1.,0.,0.));
#3654=DIRECTION('',(0.,0.,1.));
#3655=DIRECTION('',(1.,0.,0.));
#3656=DIRECTION('',(0.,0.,-1.));
#3657=DIRECTION('',(-1.,0.,0.));
#3658=DIRECTION('',(0.,0.,1.));
#3659=DIRECTION('',(1.,0.,0.));
#3660=DIRECTION('',(0.,0.,1.));
#3661=DIRECTION('',(1.,0.,0.));
#3662=DIRECTION('',(0.,0.,-1.));
#3663=DIRECTION('',(-1.,0.,0.));
#3664=DIRECTION('',(0.,0.,1.));
#3665=DIRECTION('',(1.,0.,0.));
#3666=DIRECTION('',(0.,0.,1.));
#3667=DIRECTION('',(1.,0.,0.));
#3668=DIRECTION('',(0.,0.,-1.));
#3669=DIRECTION('',(-1.,0.,0.));
#3670=DIRECTION('',(0.,0.,1.));
#3671=DIRECTION('',(1.,0.,0.));
#3672=DIRECTION('',(0.,0.,1.));
#3673=DIRECTION('',(1.,0.,0.));
#3674=DIRECTION('',(0.,0.,-1.));
#3675=DIRECTION('',(-1.,0.,0.));
#3676=DIRECTION('',(0.,0.,1.));
#3677=DIRECTION('',(1.,0.,0.));
#3678=DIRECTION('',(0.,0.,1.));
#3679=DIRECTION('',(1.,0.,0.));
#3680=DIRECTION('',(0.,0.,-1.));
#3681=DIRECTION('',(-1.,0.,0.));
#3682=DIRECTION('',(0.,0.,1.));
#3683=DIRECTION('',(1.,0.,0.));
#3684=DIRECTION('',(0.,0.,1.));
#3685=DIRECTION('',(1.,0.,0.));
#3686=DIRECTION('',(0.,0.,-1.));
#3687=DIRECTION('',(-1.,0.,0.));
#3688=DIRECTION('',(0.,0.,1.));
#3689=DIRECTION('',(1.,0.,0.));
#3690=DIRECTION('',(0.,0.,1.));
#3691=DIRECTION('',(1.,0.,0.));
#3692=DIRECTION('',(0.,0.,-1.));
#3693=DIRECTION('',(-1.,0.,0.));
#3694=DIRECTION('',(0.,0.,1.));
#3695=DIRECTION('',(1.,0.,0.));
#3696=DIRECTION('',(0.,0.,1.));
#3697=DIRECTION('',(1.,0.,0.));
#3698=DIRECTION('',(0.,0.,-1.));
#3699=DIRECTION('',(-1.,0.,0.));
#3700=DIRECTION('',(0.,0.,1.));
#3701=DIRECTION('',(1.,0.,0.));
#3702=DIRECTION('',(0.,0.,1.));
#3703=DIRECTION('',(1.,0.,0.));
#3704=DIRECTION('',(0.,0.,-1.));
#3705=DIRECTION('',(-1.,0.,0.));
#3706=DIRECTION('',(0.,0.,1.));
#3707=DIRECTION('',(1.,0.,0.));
#3708=DIRECTION('',(0.,0.,1.));
#3709=DIRECTION('',(1.,0.,0.));
#3710=DIRECTION('',(0.,0.,-1.));
#3711=DIRECTION('',(-1.,0.,0.));
#3712=DIRECTION('',(0.,0.,1.));
#3713=DIRECTION('',(1.,0.,0.));
#3714=DIRECTION('',(0.,0.,1.));
#3715=DIRECTION('',(1.,0.,0.));
#3716=DIRECTION('',(0.,0.,-1.));
#3717=DIRECTION('',(-1.,0.,0.));
#3718=DIRECTION('',(0.,0.,1.));
#3719=DIRECTION('',(1.,0.,0.));
#3720=DIRECTION('',(0.,0.,1.));
#3721=DIRECTION('',(1.,0.,0.));
#3722=DIRECTION('',(1.,0.,0.));
#3723=DIRECTION('',(0.,0.,-1.));
#3724=DIRECTION('',(0.,-1.,0.));
#3725=DIRECTION('',(0.,-1.,0.));
#3726=DIRECTION('',(0.,0.,1.));
#3727=DIRECTION('',(1.,0.,0.));
#3728=DIRECTION('',(0.,0.,1.));
#3729=DIRECTION('',(1.,0.,0.));
#3730=CARTESIAN_POINT('',(0.,0.,0.));
#3731=CARTESIAN_POINT('',(0.0255,-0.077962667713503,0.008));
#3732=CARTESIAN_POINT('',(0.0255,-0.077962667713503,0.));
#3733=CARTESIAN_POINT('',(0.02395,-0.077962667713503,0.));
#3734=CARTESIAN_POINT('',(0.02705,-0.077962667713503,0.));
#3735=CARTESIAN_POINT('',(0.02395,-0.077962667713503,0.008));
#3736=CARTESIAN_POINT('',(0.02395,-0.077962667713503,0.008));
#3737=CARTESIAN_POINT('',(0.0255,-0.077962667713503,0.008));
#3738=CARTESIAN_POINT('',(0.02705,-0.077962667713503,0.008));
#3739=CARTESIAN_POINT('',(0.02705,-0.077962667713503,0.008));
#3740=CARTESIAN_POINT('',(0.02395,-0.076962667713503,0.008));
#3741=CARTESIAN_POINT('',(0.02395,-0.076962667713503,0.));
#3742=CARTESIAN_POINT('',(0.02395,-0.075962667713503,0.));
#3743=CARTESIAN_POINT('',(0.02395,-0.075962667713503,0.008));
#3744=CARTESIAN_POINT('',(0.02395,-0.075962667713503,0.008));
#3745=CARTESIAN_POINT('',(0.02395,-0.076962667713503,0.008));
#3746=CARTESIAN_POINT('',(0.0255,-0.075962667713503,0.008));
#3747=CARTESIAN_POINT('',(0.0255,-0.075962667713503,0.));
#3748=CARTESIAN_POINT('',(0.02705,-0.075962667713503,0.));
#3749=CARTESIAN_POINT('',(0.02705,-0.075962667713503,0.008));
#3750=CARTESIAN_POINT('',(0.02705,-0.075962667713503,0.008));
#3751=CARTESIAN_POINT('',(0.0255,-0.075962667713503,0.008));
#3752=CARTESIAN_POINT('',(0.0565,-0.077962667713503,0.008));
#3753=CARTESIAN_POINT('',(0.0565,-0.077962667713503,0.));
#3754=CARTESIAN_POINT('',(0.05495,-0.077962667713503,0.));
#3755=CARTESIAN_POINT('',(0.05805,-0.077962667713503,0.));
#3756=CARTESIAN_POINT('',(0.05495,-0.077962667713503,0.008));
#3757=CARTESIAN_POINT('',(0.05495,-0.077962667713503,0.008));
#3758=CARTESIAN_POINT('',(0.0565,-0.077962667713503,0.008));
#3759=CARTESIAN_POINT('',(0.05805,-0.077962667713503,0.008));
#3760=CARTESIAN_POINT('',(0.05805,-0.077962667713503,0.008));
#3761=CARTESIAN_POINT('',(0.05495,-0.076962667713503,0.008));
#3762=CARTESIAN_POINT('',(0.05495,-0.076962667713503,0.));
#3763=CARTESIAN_POINT('',(0.05495,-0.075962667713503,0.));
#3764=CARTESIAN_POINT('',(0.05495,-0.075962667713503,0.008));
#3765=CARTESIAN_POINT('',(0.05495,-0.075962667713503,0.008));
#3766=CARTESIAN_POINT('',(0.05495,-0.076962667713503,0.008));
#3767=CARTESIAN_POINT('',(0.0565,-0.075962667713503,0.008));
#3768=CARTESIAN_POINT('',(0.0565,-0.075962667713503,0.));
#3769=CARTESIAN_POINT('',(0.05805,-0.075962667713503,0.));
#3770=CARTESIAN_POINT('',(0.05805,-0.075962667713503,0.008));
#3771=CARTESIAN_POINT('',(0.05805,-0.075962667713503,0.008));
#3772=CARTESIAN_POINT('',(0.0565,-0.075962667713503,0.008));
#3773=CARTESIAN_POINT('',(-0.02295,-0.109462667713503,0.008));
#3774=CARTESIAN_POINT('',(-0.02295,-0.109462667713503,0.));
#3775=CARTESIAN_POINT('',(-0.02395,-0.109462667713503,0.));
#3776=CARTESIAN_POINT('',(-0.02295,-0.110462667713503,0.));
#3777=CARTESIAN_POINT('',(-0.02295,-0.110462667713503,0.008));
#3778=CARTESIAN_POINT('',(-0.02295,-0.110462667713503,0.008));
#3779=CARTESIAN_POINT('',(-0.02295,-0.109462667713503,0.008));
#3780=CARTESIAN_POINT('',(-0.02395,-0.109462667713503,0.008));
#3781=CARTESIAN_POINT('',(-0.02395,-0.109462667713503,0.008));
#3782=CARTESIAN_POINT('',(1.04083408558608E-17,-0.110462667713503,0.008));
#3783=CARTESIAN_POINT('',(1.04083408558608E-17,-0.110462667713503,0.));
#3784=CARTESIAN_POINT('',(0.02295,-0.110462667713503,0.));
#3785=CARTESIAN_POINT('',(0.02295,-0.110462667713503,0.008));
#3786=CARTESIAN_POINT('',(0.02295,-0.110462667713503,0.008));
#3787=CARTESIAN_POINT('',(1.04083408558608E-17,-0.110462667713503,0.008));
#3788=CARTESIAN_POINT('',(0.02295,-0.109462667713503,0.008));
#3789=CARTESIAN_POINT('',(0.02295,-0.109462667713503,0.));
#3790=CARTESIAN_POINT('',(0.02395,-0.109462667713503,0.));
#3791=CARTESIAN_POINT('',(0.02395,-0.109462667713503,0.008));
#3792=CARTESIAN_POINT('',(0.02395,-0.109462667713503,0.008));
#3793=CARTESIAN_POINT('',(0.02295,-0.109462667713503,0.008));
#3794=CARTESIAN_POINT('',(0.02395,-0.108212667713503,0.008));
#3795=CARTESIAN_POINT('',(0.02395,-0.108212667713503,0.));
#3796=CARTESIAN_POINT('',(0.02395,-0.106962667713503,0.));
#3797=CARTESIAN_POINT('',(0.02395,-0.106962667713503,0.008));
#3798=CARTESIAN_POINT('',(0.02395,-0.106962667713503,0.008));
#3799=CARTESIAN_POINT('',(0.02395,-0.108212667713503,0.008));
#3800=CARTESIAN_POINT('',(0.0255,-0.106962667713503,0.008));
#3801=CARTESIAN_POINT('',(0.0255,-0.106962667713503,0.));
#3802=CARTESIAN_POINT('',(0.02705,-0.106962667713503,0.));
#3803=CARTESIAN_POINT('',(0.02705,-0.106962667713503,0.008));
#3804=CARTESIAN_POINT('',(0.02705,-0.106962667713503,0.008));
#3805=CARTESIAN_POINT('',(0.0255,-0.106962667713503,0.008));
#3806=CARTESIAN_POINT('',(0.02705,-0.108212667713503,0.008));
#3807=CARTESIAN_POINT('',(0.02705,-0.108212667713503,0.));
#3808=CARTESIAN_POINT('',(0.02705,-0.109462667713503,0.));
#3809=CARTESIAN_POINT('',(0.02705,-0.109462667713503,0.008));
#3810=CARTESIAN_POINT('',(0.02705,-0.109462667713503,0.008));
#3811=CARTESIAN_POINT('',(0.02705,-0.108212667713503,0.008));
#3812=CARTESIAN_POINT('',(0.02805,-0.109462667713503,0.008));
#3813=CARTESIAN_POINT('',(0.02805,-0.109462667713503,0.));
#3814=CARTESIAN_POINT('',(0.02805,-0.110462667713503,0.));
#3815=CARTESIAN_POINT('',(0.02805,-0.110462667713503,0.008));
#3816=CARTESIAN_POINT('',(0.02805,-0.110462667713503,0.008));
#3817=CARTESIAN_POINT('',(0.02805,-0.109462667713503,0.008));
#3818=CARTESIAN_POINT('',(0.032275,-0.110462667713503,0.008));
#3819=CARTESIAN_POINT('',(0.032275,-0.110462667713503,0.));
#3820=CARTESIAN_POINT('',(0.0365,-0.110462667713503,0.));
#3821=CARTESIAN_POINT('',(0.0365,-0.110462667713503,0.008));
#3822=CARTESIAN_POINT('',(0.0365,-0.110462667713503,0.008));
#3823=CARTESIAN_POINT('',(0.032275,-0.110462667713503,0.008));
#3824=CARTESIAN_POINT('',(0.0365,-0.107962667713503,0.008));
#3825=CARTESIAN_POINT('',(0.0365,-0.107962667713503,0.));
#3826=CARTESIAN_POINT('',(0.039,-0.107962667713503,0.));
#3827=CARTESIAN_POINT('',(0.039,-0.107962667713503,0.008));
#3828=CARTESIAN_POINT('',(0.039,-0.107962667713503,0.008));
#3829=CARTESIAN_POINT('',(0.0365,-0.107962667713503,0.008));
#3830=CARTESIAN_POINT('',(0.039,-0.107604692089548,0.008));
#3831=CARTESIAN_POINT('',(0.039,-0.107604692089548,0.));
#3832=CARTESIAN_POINT('',(0.039,-0.107246716465593,0.));
#3833=CARTESIAN_POINT('',(0.039,-0.107246716465593,0.008));
#3834=CARTESIAN_POINT('',(0.039,-0.107246716465593,0.008));
#3835=CARTESIAN_POINT('',(0.039,-0.107604692089548,0.008));
#3836=CARTESIAN_POINT('',(0.0365,-0.107246716465593,0.008));
#3837=CARTESIAN_POINT('',(0.0365,-0.107246716465593,0.));
#3838=CARTESIAN_POINT('',(0.0372758620689655,-0.104870156335922,0.));
#3839=CARTESIAN_POINT('',(0.0372758620689655,-0.104870156335922,0.008));
#3840=CARTESIAN_POINT('',(0.0372758620689655,-0.104870156335922,0.008));
#3841=CARTESIAN_POINT('',(0.0365,-0.107246716465593,0.008));
#3842=CARTESIAN_POINT('',(0.041,-0.093462667713503,0.008));
#3843=CARTESIAN_POINT('',(0.041,-0.093462667713503,0.));
#3844=CARTESIAN_POINT('',(0.029,-0.093462667713503,0.));
#3845=CARTESIAN_POINT('',(0.029,-0.093462667713503,0.008));
#3846=CARTESIAN_POINT('',(0.029,-0.093462667713503,0.008));
#3847=CARTESIAN_POINT('',(0.041,-0.093462667713503,0.008));
#3848=CARTESIAN_POINT('',(0.029,-0.092462667713503,0.008));
#3849=CARTESIAN_POINT('',(0.029,-0.092462667713503,0.));
#3850=CARTESIAN_POINT('',(0.029,-0.091462667713503,0.));
#3851=CARTESIAN_POINT('',(0.029,-0.091462667713503,0.008));
#3852=CARTESIAN_POINT('',(0.029,-0.091462667713503,0.008));
#3853=CARTESIAN_POINT('',(0.029,-0.092462667713503,0.008));
#3854=CARTESIAN_POINT('',(0.041,-0.091462667713503,0.008));
#3855=CARTESIAN_POINT('',(0.041,-0.091462667713503,0.));
#3856=CARTESIAN_POINT('',(0.053,-0.091462667713503,0.));
#3857=CARTESIAN_POINT('',(0.053,-0.091462667713503,0.008));
#3858=CARTESIAN_POINT('',(0.053,-0.091462667713503,0.008));
#3859=CARTESIAN_POINT('',(0.041,-0.091462667713503,0.008));
#3860=CARTESIAN_POINT('',(0.053,-0.092462667713503,0.008));
#3861=CARTESIAN_POINT('',(0.053,-0.092462667713503,0.));
#3862=CARTESIAN_POINT('',(0.053,-0.093462667713503,0.));
#3863=CARTESIAN_POINT('',(0.053,-0.093462667713503,0.008));
#3864=CARTESIAN_POINT('',(0.053,-0.093462667713503,0.008));
#3865=CARTESIAN_POINT('',(0.053,-0.092462667713503,0.008));
#3866=CARTESIAN_POINT('',(0.041,-0.093462667713503,0.008));
#3867=CARTESIAN_POINT('',(0.041,-0.093462667713503,0.));
#3868=CARTESIAN_POINT('',(0.0447241379310345,-0.104870156335922,0.));
#3869=CARTESIAN_POINT('',(0.0447241379310345,-0.104870156335922,0.008));
#3870=CARTESIAN_POINT('',(0.0447241379310345,-0.104870156335922,0.008));
#3871=CARTESIAN_POINT('',(0.041,-0.093462667713503,0.008));
#3872=CARTESIAN_POINT('',(0.0455,-0.107246716465593,0.008));
#3873=CARTESIAN_POINT('',(0.0455,-0.107246716465593,0.));
#3874=CARTESIAN_POINT('',(0.043,-0.107246716465593,0.));
#3875=CARTESIAN_POINT('',(0.043,-0.107246716465593,0.008));
#3876=CARTESIAN_POINT('',(0.043,-0.107246716465593,0.008));
#3877=CARTESIAN_POINT('',(0.0455,-0.107246716465593,0.008));
#3878=CARTESIAN_POINT('',(0.043,-0.107604692089548,0.008));
#3879=CARTESIAN_POINT('',(0.043,-0.107604692089548,0.));
#3880=CARTESIAN_POINT('',(0.043,-0.107962667713503,0.));
#3881=CARTESIAN_POINT('',(0.043,-0.107962667713503,0.008));
#3882=CARTESIAN_POINT('',(0.043,-0.107962667713503,0.008));
#3883=CARTESIAN_POINT('',(0.043,-0.107604692089548,0.008));
#3884=CARTESIAN_POINT('',(0.0455,-0.107962667713503,0.008));
#3885=CARTESIAN_POINT('',(0.0455,-0.107962667713503,0.));
#3886=CARTESIAN_POINT('',(0.0455,-0.110462667713503,0.));
#3887=CARTESIAN_POINT('',(0.0455,-0.110462667713503,0.008));
#3888=CARTESIAN_POINT('',(0.0455,-0.110462667713503,0.008));
#3889=CARTESIAN_POINT('',(0.0455,-0.107962667713503,0.008));
#3890=CARTESIAN_POINT('',(0.049725,-0.110462667713503,0.008));
#3891=CARTESIAN_POINT('',(0.049725,-0.110462667713503,0.));
#3892=CARTESIAN_POINT('',(0.05395,-0.110462667713503,0.));
#3893=CARTESIAN_POINT('',(0.05395,-0.110462667713503,0.008));
#3894=CARTESIAN_POINT('',(0.05395,-0.110462667713503,0.008));
#3895=CARTESIAN_POINT('',(0.049725,-0.110462667713503,0.008));
#3896=CARTESIAN_POINT('',(0.05395,-0.109462667713503,0.008));
#3897=CARTESIAN_POINT('',(0.05395,-0.109462667713503,0.));
#3898=CARTESIAN_POINT('',(0.05495,-0.109462667713503,0.));
#3899=CARTESIAN_POINT('',(0.05495,-0.109462667713503,0.008));
#3900=CARTESIAN_POINT('',(0.05495,-0.109462667713503,0.008));
#3901=CARTESIAN_POINT('',(0.05395,-0.109462667713503,0.008));
#3902=CARTESIAN_POINT('',(0.05495,-0.108212667713503,0.008));
#3903=CARTESIAN_POINT('',(0.05495,-0.108212667713503,0.));
#3904=CARTESIAN_POINT('',(0.05495,-0.106962667713503,0.));
#3905=CARTESIAN_POINT('',(0.05495,-0.106962667713503,0.008));
#3906=CARTESIAN_POINT('',(0.05495,-0.106962667713503,0.008));
#3907=CARTESIAN_POINT('',(0.05495,-0.108212667713503,0.008));
#3908=CARTESIAN_POINT('',(0.0565,-0.106962667713503,0.008));
#3909=CARTESIAN_POINT('',(0.0565,-0.106962667713503,0.));
#3910=CARTESIAN_POINT('',(0.05805,-0.106962667713503,0.));
#3911=CARTESIAN_POINT('',(0.05805,-0.106962667713503,0.008));
#3912=CARTESIAN_POINT('',(0.05805,-0.106962667713503,0.008));
#3913=CARTESIAN_POINT('',(0.0565,-0.106962667713503,0.008));
#3914=CARTESIAN_POINT('',(0.05805,-0.108212667713503,0.008));
#3915=CARTESIAN_POINT('',(0.05805,-0.108212667713503,0.));
#3916=CARTESIAN_POINT('',(0.05805,-0.109462667713503,0.));
#3917=CARTESIAN_POINT('',(0.05805,-0.109462667713503,0.008));
#3918=CARTESIAN_POINT('',(0.05805,-0.109462667713503,0.008));
#3919=CARTESIAN_POINT('',(0.05805,-0.108212667713503,0.008));
#3920=CARTESIAN_POINT('',(0.05905,-0.109462667713503,0.008));
#3921=CARTESIAN_POINT('',(0.05905,-0.109462667713503,0.));
#3922=CARTESIAN_POINT('',(0.05905,-0.110462667713503,0.));
#3923=CARTESIAN_POINT('',(0.05905,-0.110462667713503,0.008));
#3924=CARTESIAN_POINT('',(0.05905,-0.110462667713503,0.008));
#3925=CARTESIAN_POINT('',(0.05905,-0.109462667713503,0.008));
#3926=CARTESIAN_POINT('',(0.079525,-0.110462667713503,0.008));
#3927=CARTESIAN_POINT('',(0.079525,-0.110462667713503,0.));
#3928=CARTESIAN_POINT('',(0.1,-0.110462667713503,0.));
#3929=CARTESIAN_POINT('',(0.1,-0.110462667713503,0.008));
#3930=CARTESIAN_POINT('',(0.1,-0.110462667713503,0.008));
#3931=CARTESIAN_POINT('',(0.079525,-0.110462667713503,0.008));
#3932=CARTESIAN_POINT('',(0.1,-0.102962667713503,0.008));
#3933=CARTESIAN_POINT('',(0.1,-0.102962667713503,0.));
#3934=CARTESIAN_POINT('',(0.1075,-0.102962667713503,0.));
#3935=CARTESIAN_POINT('',(0.1075,-0.102962667713503,0.008));
#3936=CARTESIAN_POINT('',(0.1075,-0.102962667713503,0.008));
#3937=CARTESIAN_POINT('',(0.1,-0.102962667713503,0.008));
#3938=CARTESIAN_POINT('',(0.1075,0.00453733228649704,0.008));
#3939=CARTESIAN_POINT('',(0.1075,0.00453733228649704,0.));
#3940=CARTESIAN_POINT('',(0.1075,0.112037332286497,0.));
#3941=CARTESIAN_POINT('',(0.1075,0.112037332286497,0.008));
#3942=CARTESIAN_POINT('',(0.1075,0.112037332286497,0.008));
#3943=CARTESIAN_POINT('',(0.1075,0.00453733228649704,0.008));
#3944=CARTESIAN_POINT('',(0.1,0.112037332286497,0.008));
#3945=CARTESIAN_POINT('',(0.1,0.112037332286497,0.));
#3946=CARTESIAN_POINT('',(0.1,0.119537332286497,0.));
#3947=CARTESIAN_POINT('',(0.1,0.119537332286497,0.008));
#3948=CARTESIAN_POINT('',(0.1,0.119537332286497,0.008));
#3949=CARTESIAN_POINT('',(0.1,0.112037332286497,0.008));
#3950=CARTESIAN_POINT('',(0.,0.119537332286497,0.008));
#3951=CARTESIAN_POINT('',(0.,0.119537332286497,0.));
#3952=CARTESIAN_POINT('',(-0.1,0.119537332286497,0.));
#3953=CARTESIAN_POINT('',(-0.1,0.119537332286497,0.008));
#3954=CARTESIAN_POINT('',(-0.1,0.119537332286497,0.008));
#3955=CARTESIAN_POINT('',(0.,0.119537332286497,0.008));
#3956=CARTESIAN_POINT('',(-0.1,0.112037332286497,0.008));
#3957=CARTESIAN_POINT('',(-0.1,0.112037332286497,0.));
#3958=CARTESIAN_POINT('',(-0.1075,0.112037332286497,0.));
#3959=CARTESIAN_POINT('',(-0.1075,0.112037332286497,0.008));
#3960=CARTESIAN_POINT('',(-0.1075,0.112037332286497,0.008));
#3961=CARTESIAN_POINT('',(-0.1,0.112037332286497,0.008));
#3962=CARTESIAN_POINT('',(-0.1075,0.00453733228649703,0.008));
#3963=CARTESIAN_POINT('',(-0.1075,0.00453733228649703,0.));
#3964=CARTESIAN_POINT('',(-0.1075,-0.102962667713503,0.));
#3965=CARTESIAN_POINT('',(-0.1075,-0.102962667713503,0.008));
#3966=CARTESIAN_POINT('',(-0.1075,-0.102962667713503,0.008));
#3967=CARTESIAN_POINT('',(-0.1075,0.00453733228649703,0.008));
#3968=CARTESIAN_POINT('',(-0.1,-0.102962667713503,0.008));
#3969=CARTESIAN_POINT('',(-0.1,-0.102962667713503,0.));
#3970=CARTESIAN_POINT('',(-0.1,-0.110462667713503,0.));
#3971=CARTESIAN_POINT('',(-0.1,-0.110462667713503,0.008));
#3972=CARTESIAN_POINT('',(-0.1,-0.110462667713503,0.008));
#3973=CARTESIAN_POINT('',(-0.1,-0.102962667713503,0.008));
#3974=CARTESIAN_POINT('',(-0.079525,-0.110462667713503,0.008));
#3975=CARTESIAN_POINT('',(-0.079525,-0.110462667713503,0.));
#3976=CARTESIAN_POINT('',(-0.05905,-0.110462667713503,0.));
#3977=CARTESIAN_POINT('',(-0.05905,-0.110462667713503,0.008));
#3978=CARTESIAN_POINT('',(-0.05905,-0.110462667713503,0.008));
#3979=CARTESIAN_POINT('',(-0.079525,-0.110462667713503,0.008));
#3980=CARTESIAN_POINT('',(-0.05905,-0.109462667713503,0.008));
#3981=CARTESIAN_POINT('',(-0.05905,-0.109462667713503,0.));
#3982=CARTESIAN_POINT('',(-0.05805,-0.109462667713503,0.));
#3983=CARTESIAN_POINT('',(-0.05805,-0.109462667713503,0.008));
#3984=CARTESIAN_POINT('',(-0.05805,-0.109462667713503,0.008));
#3985=CARTESIAN_POINT('',(-0.05905,-0.109462667713503,0.008));
#3986=CARTESIAN_POINT('',(-0.05805,-0.108212667713503,0.008));
#3987=CARTESIAN_POINT('',(-0.05805,-0.108212667713503,0.));
#3988=CARTESIAN_POINT('',(-0.05805,-0.106962667713503,0.));
#3989=CARTESIAN_POINT('',(-0.05805,-0.106962667713503,0.008));
#3990=CARTESIAN_POINT('',(-0.05805,-0.106962667713503,0.008));
#3991=CARTESIAN_POINT('',(-0.05805,-0.108212667713503,0.008));
#3992=CARTESIAN_POINT('',(-0.0565,-0.106962667713503,0.008));
#3993=CARTESIAN_POINT('',(-0.0565,-0.106962667713503,0.));
#3994=CARTESIAN_POINT('',(-0.05495,-0.106962667713503,0.));
#3995=CARTESIAN_POINT('',(-0.05495,-0.106962667713503,0.008));
#3996=CARTESIAN_POINT('',(-0.05495,-0.106962667713503,0.008));
#3997=CARTESIAN_POINT('',(-0.0565,-0.106962667713503,0.008));
#3998=CARTESIAN_POINT('',(-0.05495,-0.108212667713503,0.008));
#3999=CARTESIAN_POINT('',(-0.05495,-0.108212667713503,0.));
#4000=CARTESIAN_POINT('',(-0.05495,-0.109462667713503,0.));
#4001=CARTESIAN_POINT('',(-0.05495,-0.109462667713503,0.008));
#4002=CARTESIAN_POINT('',(-0.05495,-0.109462667713503,0.008));
#4003=CARTESIAN_POINT('',(-0.05495,-0.108212667713503,0.008));
#4004=CARTESIAN_POINT('',(-0.05395,-0.109462667713503,0.008));
#4005=CARTESIAN_POINT('',(-0.05395,-0.109462667713503,0.));
#4006=CARTESIAN_POINT('',(-0.05395,-0.110462667713503,0.));
#4007=CARTESIAN_POINT('',(-0.05395,-0.110462667713503,0.008));
#4008=CARTESIAN_POINT('',(-0.05395,-0.110462667713503,0.008));
#4009=CARTESIAN_POINT('',(-0.05395,-0.109462667713503,0.008));
#4010=CARTESIAN_POINT('',(-0.049725,-0.110462667713503,0.008));
#4011=CARTESIAN_POINT('',(-0.049725,-0.110462667713503,0.));
#4012=CARTESIAN_POINT('',(-0.0455,-0.110462667713503,0.));
#4013=CARTESIAN_POINT('',(-0.0455,-0.110462667713503,0.008));
#4014=CARTESIAN_POINT('',(-0.0455,-0.110462667713503,0.008));
#4015=CARTESIAN_POINT('',(-0.049725,-0.110462667713503,0.008));
#4016=CARTESIAN_POINT('',(-0.0455,-0.107962667713503,0.008));
#4017=CARTESIAN_POINT('',(-0.0455,-0.107962667713503,0.));
#4018=CARTESIAN_POINT('',(-0.043,-0.107962667713503,0.));
#4019=CARTESIAN_POINT('',(-0.043,-0.107962667713503,0.008));
#4020=CARTESIAN_POINT('',(-0.043,-0.107962667713503,0.008));
#4021=CARTESIAN_POINT('',(-0.0455,-0.107962667713503,0.008));
#4022=CARTESIAN_POINT('',(-0.043,-0.107604692089548,0.008));
#4023=CARTESIAN_POINT('',(-0.043,-0.107604692089548,0.));
#4024=CARTESIAN_POINT('',(-0.043,-0.107246716465593,0.));
#4025=CARTESIAN_POINT('',(-0.043,-0.107246716465593,0.008));
#4026=CARTESIAN_POINT('',(-0.043,-0.107246716465593,0.008));
#4027=CARTESIAN_POINT('',(-0.043,-0.107604692089548,0.008));
#4028=CARTESIAN_POINT('',(-0.0455,-0.107246716465593,0.008));
#4029=CARTESIAN_POINT('',(-0.0455,-0.107246716465593,0.));
#4030=CARTESIAN_POINT('',(-0.0447241379310345,-0.104870156335922,0.));
#4031=CARTESIAN_POINT('',(-0.0447241379310345,-0.104870156335922,0.008));
#4032=CARTESIAN_POINT('',(-0.0447241379310345,-0.104870156335922,0.008));
#4033=CARTESIAN_POINT('',(-0.0455,-0.107246716465593,0.008));
#4034=CARTESIAN_POINT('',(-0.041,-0.093462667713503,0.008));
#4035=CARTESIAN_POINT('',(-0.041,-0.093462667713503,0.));
#4036=CARTESIAN_POINT('',(-0.053,-0.093462667713503,0.));
#4037=CARTESIAN_POINT('',(-0.053,-0.093462667713503,0.008));
#4038=CARTESIAN_POINT('',(-0.053,-0.093462667713503,0.008));
#4039=CARTESIAN_POINT('',(-0.041,-0.093462667713503,0.008));
#4040=CARTESIAN_POINT('',(-0.053,-0.0924626677135029,0.008));
#4041=CARTESIAN_POINT('',(-0.053,-0.0924626677135029,0.));
#4042=CARTESIAN_POINT('',(-0.053,-0.0914626677135029,0.));
#4043=CARTESIAN_POINT('',(-0.053,-0.0914626677135029,0.008));
#4044=CARTESIAN_POINT('',(-0.053,-0.0914626677135029,0.008));
#4045=CARTESIAN_POINT('',(-0.053,-0.0924626677135029,0.008));
#4046=CARTESIAN_POINT('',(-0.041,-0.0914626677135029,0.008));
#4047=CARTESIAN_POINT('',(-0.041,-0.0914626677135029,0.));
#4048=CARTESIAN_POINT('',(-0.029,-0.0914626677135029,0.));
#4049=CARTESIAN_POINT('',(-0.029,-0.0914626677135029,0.008));
#4050=CARTESIAN_POINT('',(-0.029,-0.0914626677135029,0.008));
#4051=CARTESIAN_POINT('',(-0.041,-0.0914626677135029,0.008));
#4052=CARTESIAN_POINT('',(-0.029,-0.092462667713503,0.008));
#4053=CARTESIAN_POINT('',(-0.029,-0.092462667713503,0.));
#4054=CARTESIAN_POINT('',(-0.029,-0.093462667713503,0.));
#4055=CARTESIAN_POINT('',(-0.029,-0.093462667713503,0.008));
#4056=CARTESIAN_POINT('',(-0.029,-0.093462667713503,0.008));
#4057=CARTESIAN_POINT('',(-0.029,-0.092462667713503,0.008));
#4058=CARTESIAN_POINT('',(-0.041,-0.093462667713503,0.008));
#4059=CARTESIAN_POINT('',(-0.041,-0.093462667713503,0.));
#4060=CARTESIAN_POINT('',(-0.0372758620689655,-0.104870156335922,0.));
#4061=CARTESIAN_POINT('',(-0.0372758620689655,-0.104870156335922,0.008));
#4062=CARTESIAN_POINT('',(-0.0372758620689655,-0.104870156335922,0.008));
#4063=CARTESIAN_POINT('',(-0.041,-0.093462667713503,0.008));
#4064=CARTESIAN_POINT('',(-0.0365,-0.107246716465593,0.008));
#4065=CARTESIAN_POINT('',(-0.0365,-0.107246716465593,0.));
#4066=CARTESIAN_POINT('',(-0.039,-0.107246716465593,0.));
#4067=CARTESIAN_POINT('',(-0.039,-0.107246716465593,0.008));
#4068=CARTESIAN_POINT('',(-0.039,-0.107246716465593,0.008));
#4069=CARTESIAN_POINT('',(-0.0365,-0.107246716465593,0.008));
#4070=CARTESIAN_POINT('',(-0.039,-0.107604692089548,0.008));
#4071=CARTESIAN_POINT('',(-0.039,-0.107604692089548,0.));
#4072=CARTESIAN_POINT('',(-0.039,-0.107962667713503,0.));
#4073=CARTESIAN_POINT('',(-0.039,-0.107962667713503,0.008));
#4074=CARTESIAN_POINT('',(-0.039,-0.107962667713503,0.008));
#4075=CARTESIAN_POINT('',(-0.039,-0.107604692089548,0.008));
#4076=CARTESIAN_POINT('',(-0.0365,-0.107962667713503,0.008));
#4077=CARTESIAN_POINT('',(-0.0365,-0.107962667713503,0.));
#4078=CARTESIAN_POINT('',(-0.0365,-0.110462667713503,0.));
#4079=CARTESIAN_POINT('',(-0.0365,-0.110462667713503,0.008));
#4080=CARTESIAN_POINT('',(-0.0365,-0.110462667713503,0.008));
#4081=CARTESIAN_POINT('',(-0.0365,-0.107962667713503,0.008));
#4082=CARTESIAN_POINT('',(-0.032275,-0.110462667713503,0.008));
#4083=CARTESIAN_POINT('',(-0.032275,-0.110462667713503,0.));
#4084=CARTESIAN_POINT('',(-0.02805,-0.110462667713503,0.));
#4085=CARTESIAN_POINT('',(-0.02805,-0.110462667713503,0.008));
#4086=CARTESIAN_POINT('',(-0.02805,-0.110462667713503,0.008));
#4087=CARTESIAN_POINT('',(-0.032275,-0.110462667713503,0.008));
#4088=CARTESIAN_POINT('',(-0.02805,-0.109462667713503,0.008));
#4089=CARTESIAN_POINT('',(-0.02805,-0.109462667713503,0.));
#4090=CARTESIAN_POINT('',(-0.02705,-0.109462667713503,0.));
#4091=CARTESIAN_POINT('',(-0.02705,-0.109462667713503,0.008));
#4092=CARTESIAN_POINT('',(-0.02705,-0.109462667713503,0.008));
#4093=CARTESIAN_POINT('',(-0.02805,-0.109462667713503,0.008));
#4094=CARTESIAN_POINT('',(-0.02705,-0.108212667713503,0.008));
#4095=CARTESIAN_POINT('',(-0.02705,-0.108212667713503,0.));
#4096=CARTESIAN_POINT('',(-0.02705,-0.106962667713503,0.));
#4097=CARTESIAN_POINT('',(-0.02705,-0.106962667713503,0.008));
#4098=CARTESIAN_POINT('',(-0.02705,-0.106962667713503,0.008));
#4099=CARTESIAN_POINT('',(-0.02705,-0.108212667713503,0.008));
#4100=CARTESIAN_POINT('',(-0.0255,-0.106962667713503,0.008));
#4101=CARTESIAN_POINT('',(-0.0255,-0.106962667713503,0.));
#4102=CARTESIAN_POINT('',(-0.02395,-0.106962667713503,0.));
#4103=CARTESIAN_POINT('',(-0.02395,-0.106962667713503,0.008));
#4104=CARTESIAN_POINT('',(-0.02395,-0.106962667713503,0.008));
#4105=CARTESIAN_POINT('',(-0.0255,-0.106962667713503,0.008));
#4106=CARTESIAN_POINT('',(0.041,0.0745373322864969,0.008));
#4107=CARTESIAN_POINT('',(0.041,0.0745373322864969,0.));
#4108=CARTESIAN_POINT('',(0.0419248020899615,0.0865016434281551,0.));
#4109=CARTESIAN_POINT('',(0.0488061117114249,0.0836513116560565,0.));
#4110=CARTESIAN_POINT('',(0.0419248020899615,0.0865016434281551,0.008));
#4111=CARTESIAN_POINT('',(0.0419248020899615,0.0865016434281551,0.008));
#4112=CARTESIAN_POINT('',(0.041,0.0745373322864969,0.008));
#4113=CARTESIAN_POINT('',(0.0488061117114249,0.0836513116560565,0.008));
#4114=CARTESIAN_POINT('',(0.0488061117114249,0.0836513116560565,0.008));
#4115=CARTESIAN_POINT('',(0.0421174691920368,0.0889942082493338,0.008));
#4116=CARTESIAN_POINT('',(0.0421174691920368,0.0889942082493338,0.));
#4117=CARTESIAN_POINT('',(0.0444271680233151,0.0880374996684211,0.));
#4118=CARTESIAN_POINT('',(0.0444271680233151,0.0880374996684211,0.008));
#4119=CARTESIAN_POINT('',(0.0444271680233151,0.0880374996684211,0.008));
#4120=CARTESIAN_POINT('',(0.0421174691920368,0.0889942082493338,0.008));
#4121=CARTESIAN_POINT('',(0.0461905639513448,0.092294714033704,0.008));
#4122=CARTESIAN_POINT('',(0.0461905639513448,0.092294714033704,0.));
#4123=CARTESIAN_POINT('',(0.0479539598793745,0.0965519283989868,0.));
#4124=CARTESIAN_POINT('',(0.0479539598793745,0.0965519283989868,0.008));
#4125=CARTESIAN_POINT('',(0.0479539598793745,0.0965519283989868,0.008));
#4126=CARTESIAN_POINT('',(0.0461905639513448,0.092294714033704,0.008));
#4127=CARTESIAN_POINT('',(0.0498017189443971,0.0957865615342566,0.008));
#4128=CARTESIAN_POINT('',(0.0498017189443971,0.0957865615342566,0.));
#4129=CARTESIAN_POINT('',(0.0516494780094196,0.0950211946695265,0.));
#4130=CARTESIAN_POINT('',(0.0516494780094196,0.0950211946695265,0.008));
#4131=CARTESIAN_POINT('',(0.0516494780094196,0.0950211946695265,0.008));
#4132=CARTESIAN_POINT('',(0.0498017189443971,0.0957865615342566,0.008));
#4133=CARTESIAN_POINT('',(0.0498860820813899,0.0907639803042436,0.008));
#4134=CARTESIAN_POINT('',(0.0498860820813899,0.0907639803042436,0.));
#4135=CARTESIAN_POINT('',(0.0481226861533602,0.0865067659389608,0.));
#4136=CARTESIAN_POINT('',(0.0481226861533602,0.0865067659389608,0.008));
#4137=CARTESIAN_POINT('',(0.0481226861533602,0.0865067659389608,0.008));
#4138=CARTESIAN_POINT('',(0.0498860820813899,0.0907639803042436,0.008));
#4139=CARTESIAN_POINT('',(-0.05495,-0.076962667713503,0.008));
#4140=CARTESIAN_POINT('',(-0.05495,-0.076962667713503,0.));
#4141=CARTESIAN_POINT('',(-0.05495,-0.0779626677135029,0.));
#4142=CARTESIAN_POINT('',(-0.05495,-0.0759626677135029,0.));
#4143=CARTESIAN_POINT('',(-0.05495,-0.0779626677135029,0.008));
#4144=CARTESIAN_POINT('',(-0.05495,-0.0779626677135029,0.008));
#4145=CARTESIAN_POINT('',(-0.05495,-0.076962667713503,0.008));
#4146=CARTESIAN_POINT('',(-0.05495,-0.0759626677135029,0.008));
#4147=CARTESIAN_POINT('',(-0.05495,-0.0759626677135029,0.008));
#4148=CARTESIAN_POINT('',(-0.0565,-0.0779626677135029,0.008));
#4149=CARTESIAN_POINT('',(-0.0565,-0.0779626677135029,0.));
#4150=CARTESIAN_POINT('',(-0.05805,-0.077962667713503,0.));
#4151=CARTESIAN_POINT('',(-0.05805,-0.077962667713503,0.008));
#4152=CARTESIAN_POINT('',(-0.05805,-0.077962667713503,0.008));
#4153=CARTESIAN_POINT('',(-0.0565,-0.0779626677135029,0.008));
#4154=CARTESIAN_POINT('',(-0.05805,-0.0769626677135029,0.008));
#4155=CARTESIAN_POINT('',(-0.05805,-0.0769626677135029,0.));
#4156=CARTESIAN_POINT('',(-0.05805,-0.0759626677135029,0.));
#4157=CARTESIAN_POINT('',(-0.05805,-0.0759626677135029,0.008));
#4158=CARTESIAN_POINT('',(-0.05805,-0.0759626677135029,0.008));
#4159=CARTESIAN_POINT('',(-0.05805,-0.0769626677135029,0.008));
#4160=CARTESIAN_POINT('',(-0.02395,-0.076962667713503,0.008));
#4161=CARTESIAN_POINT('',(-0.02395,-0.076962667713503,0.));
#4162=CARTESIAN_POINT('',(-0.02395,-0.077962667713503,0.));
#4163=CARTESIAN_POINT('',(-0.02395,-0.075962667713503,0.));
#4164=CARTESIAN_POINT('',(-0.02395,-0.077962667713503,0.008));
#4165=CARTESIAN_POINT('',(-0.02395,-0.077962667713503,0.008));
#4166=CARTESIAN_POINT('',(-0.02395,-0.076962667713503,0.008));
#4167=CARTESIAN_POINT('',(-0.02395,-0.075962667713503,0.008));
#4168=CARTESIAN_POINT('',(-0.02395,-0.075962667713503,0.008));
#4169=CARTESIAN_POINT('',(-0.0255,-0.077962667713503,0.008));
#4170=CARTESIAN_POINT('',(-0.0255,-0.077962667713503,0.));
#4171=CARTESIAN_POINT('',(-0.02705,-0.077962667713503,0.));
#4172=CARTESIAN_POINT('',(-0.02705,-0.077962667713503,0.008));
#4173=CARTESIAN_POINT('',(-0.02705,-0.077962667713503,0.008));
#4174=CARTESIAN_POINT('',(-0.0255,-0.077962667713503,0.008));
#4175=CARTESIAN_POINT('',(-0.02705,-0.076962667713503,0.008));
#4176=CARTESIAN_POINT('',(-0.02705,-0.076962667713503,0.));
#4177=CARTESIAN_POINT('',(-0.02705,-0.075962667713503,0.));
#4178=CARTESIAN_POINT('',(-0.02705,-0.075962667713503,0.008));
#4179=CARTESIAN_POINT('',(-0.02705,-0.075962667713503,0.008));
#4180=CARTESIAN_POINT('',(-0.02705,-0.076962667713503,0.008));
#4181=CARTESIAN_POINT('',(0.05805,-0.076962667713503,0.008));
#4182=CARTESIAN_POINT('',(0.05805,-0.076962667713503,0.));
#4183=CARTESIAN_POINT('',(0.05805,-0.076962667713503,0.008));
#4184=CARTESIAN_POINT('',(-0.02395,-0.108212667713503,0.008));
#4185=CARTESIAN_POINT('',(-0.02395,-0.108212667713503,0.));
#4186=CARTESIAN_POINT('',(-0.02395,-0.108212667713503,0.008));
#4187=CARTESIAN_POINT('',(0.0504323849846385,0.085550057358048,0.008));
#4188=CARTESIAN_POINT('',(0.0504323849846385,0.085550057358048,0.));
#4189=CARTESIAN_POINT('',(0.0504323849846385,0.085550057358048,0.008));
#4190=CARTESIAN_POINT('',(0.0115,-0.010462667713503,0.008));
#4191=CARTESIAN_POINT('',(0.0115,-0.010462667713503,0.008));
#4192=CARTESIAN_POINT('',(0.01355,-0.010462667713503,0.008));
#4193=CARTESIAN_POINT('',(0.0115,-0.010462667713503,0.));
#4194=CARTESIAN_POINT('',(0.01355,-0.010462667713503,0.));
#4195=CARTESIAN_POINT('',(-0.0115,-0.010462667713503,0.008));
#4196=CARTESIAN_POINT('',(-0.0115,-0.010462667713503,0.008));
#4197=CARTESIAN_POINT('',(-0.00945,-0.010462667713503,0.008));
#4198=CARTESIAN_POINT('',(-0.0115,-0.010462667713503,0.));
#4199=CARTESIAN_POINT('',(-0.00945,-0.010462667713503,0.));
#4200=CARTESIAN_POINT('',(0.0115,-0.050462667713503,0.008));
#4201=CARTESIAN_POINT('',(0.0115,-0.050462667713503,0.008));
#4202=CARTESIAN_POINT('',(0.01355,-0.050462667713503,0.008));
#4203=CARTESIAN_POINT('',(0.0115,-0.050462667713503,0.));
#4204=CARTESIAN_POINT('',(0.01355,-0.050462667713503,0.));
#4205=CARTESIAN_POINT('',(-0.0115,-0.050462667713503,0.008));
#4206=CARTESIAN_POINT('',(-0.0115,-0.050462667713503,0.008));
#4207=CARTESIAN_POINT('',(-0.00945,-0.050462667713503,0.008));
#4208=CARTESIAN_POINT('',(-0.0115,-0.050462667713503,0.));
#4209=CARTESIAN_POINT('',(-0.00945,-0.050462667713503,0.));
#4210=CARTESIAN_POINT('',(0.0115,-0.090462667713503,0.008));
#4211=CARTESIAN_POINT('',(0.0115,-0.090462667713503,0.008));
#4212=CARTESIAN_POINT('',(0.01355,-0.090462667713503,0.008));
#4213=CARTESIAN_POINT('',(0.0115,-0.090462667713503,0.));
#4214=CARTESIAN_POINT('',(0.01355,-0.090462667713503,0.));
#4215=CARTESIAN_POINT('',(-0.0115,-0.090462667713503,0.008));
#4216=CARTESIAN_POINT('',(-0.0115,-0.090462667713503,0.008));
#4217=CARTESIAN_POINT('',(-0.00945,-0.090462667713503,0.008));
#4218=CARTESIAN_POINT('',(-0.0115,-0.090462667713503,0.));
#4219=CARTESIAN_POINT('',(-0.00945,-0.090462667713503,0.));
#4220=CARTESIAN_POINT('',(0.0115,0.029537332286497,0.008));
#4221=CARTESIAN_POINT('',(0.0115,0.029537332286497,0.008));
#4222=CARTESIAN_POINT('',(0.01355,0.029537332286497,0.008));
#4223=CARTESIAN_POINT('',(0.0115,0.029537332286497,0.));
#4224=CARTESIAN_POINT('',(0.01355,0.029537332286497,0.));
#4225=CARTESIAN_POINT('',(-0.0115,0.029537332286497,0.008));
#4226=CARTESIAN_POINT('',(-0.0115,0.029537332286497,0.008));
#4227=CARTESIAN_POINT('',(-0.00945,0.029537332286497,0.008));
#4228=CARTESIAN_POINT('',(-0.0115,0.029537332286497,0.));
#4229=CARTESIAN_POINT('',(-0.00945,0.029537332286497,0.));
#4230=CARTESIAN_POINT('',(0.0115,0.069537332286497,0.008));
#4231=CARTESIAN_POINT('',(0.0115,0.069537332286497,0.008));
#4232=CARTESIAN_POINT('',(0.01355,0.069537332286497,0.008));
#4233=CARTESIAN_POINT('',(0.0115,0.069537332286497,0.));
#4234=CARTESIAN_POINT('',(0.01355,0.069537332286497,0.));
#4235=CARTESIAN_POINT('',(0.0885,0.0410373322864971,0.008));
#4236=CARTESIAN_POINT('',(0.0885,0.0410373322864971,0.008));
#4237=CARTESIAN_POINT('',(0.09005,0.0410373322864971,0.008));
#4238=CARTESIAN_POINT('',(0.0885,0.0410373322864971,0.));
#4239=CARTESIAN_POINT('',(0.09005,0.0410373322864971,0.));
#4240=CARTESIAN_POINT('',(0.095,0.0415373322864971,0.008));
#4241=CARTESIAN_POINT('',(0.095,0.0415373322864971,0.008));
#4242=CARTESIAN_POINT('',(0.09655,0.0415373322864971,0.008));
#4243=CARTESIAN_POINT('',(0.095,0.0415373322864971,0.));
#4244=CARTESIAN_POINT('',(0.09655,0.0415373322864971,0.));
#4245=CARTESIAN_POINT('',(0.095,0.051537332286497,0.008));
#4246=CARTESIAN_POINT('',(0.095,0.051537332286497,0.008));
#4247=CARTESIAN_POINT('',(0.09655,0.051537332286497,0.008));
#4248=CARTESIAN_POINT('',(0.095,0.051537332286497,0.));
#4249=CARTESIAN_POINT('',(0.09655,0.051537332286497,0.));
#4250=CARTESIAN_POINT('',(-0.095,0.0415373322864971,0.008));
#4251=CARTESIAN_POINT('',(-0.095,0.0415373322864971,0.008));
#4252=CARTESIAN_POINT('',(-0.09345,0.0415373322864971,0.008));
#4253=CARTESIAN_POINT('',(-0.095,0.0415373322864971,0.));
#4254=CARTESIAN_POINT('',(-0.09345,0.0415373322864971,0.));
#4255=CARTESIAN_POINT('',(-0.095,0.0515373322864971,0.008));
#4256=CARTESIAN_POINT('',(-0.095,0.0515373322864971,0.008));
#4257=CARTESIAN_POINT('',(-0.09345,0.0515373322864971,0.008));
#4258=CARTESIAN_POINT('',(-0.095,0.0515373322864971,0.));
#4259=CARTESIAN_POINT('',(-0.09345,0.0515373322864971,0.));
#4260=CARTESIAN_POINT('',(-0.0885,0.0410373322864971,0.008));
#4261=CARTESIAN_POINT('',(-0.0885,0.0410373322864971,0.008));
#4262=CARTESIAN_POINT('',(-0.08695,0.0410373322864971,0.008));
#4263=CARTESIAN_POINT('',(-0.0885,0.0410373322864971,0.));
#4264=CARTESIAN_POINT('',(-0.08695,0.0410373322864971,0.));
#4265=CARTESIAN_POINT('',(-0.0115,0.0695373322864971,0.008));
#4266=CARTESIAN_POINT('',(-0.0115,0.0695373322864971,0.008));
#4267=CARTESIAN_POINT('',(-0.00945,0.0695373322864971,0.008));
#4268=CARTESIAN_POINT('',(-0.0115,0.0695373322864971,0.));
#4269=CARTESIAN_POINT('',(-0.00945,0.0695373322864971,0.));
#4270=CARTESIAN_POINT('',(0.083,0.0165373322864971,0.008));
#4271=CARTESIAN_POINT('',(0.083,0.0165373322864971,0.008));
#4272=CARTESIAN_POINT('',(0.095,0.0165373322864971,0.008));
#4273=CARTESIAN_POINT('',(0.083,0.0165373322864971,0.));
#4274=CARTESIAN_POINT('',(0.095,0.0165373322864971,0.));
#4275=CARTESIAN_POINT('',(-0.083,0.0165373322864971,0.008));
#4276=CARTESIAN_POINT('',(-0.083,0.0165373322864971,0.008));
#4277=CARTESIAN_POINT('',(-0.071,0.0165373322864971,0.008));
#4278=CARTESIAN_POINT('',(-0.083,0.0165373322864971,0.));
#4279=CARTESIAN_POINT('',(-0.071,0.0165373322864971,0.));
#4280=CARTESIAN_POINT('',(0.087,-0.089962667713503,0.008));
#4281=CARTESIAN_POINT('',(0.087,-0.089962667713503,0.008));
#4282=CARTESIAN_POINT('',(0.0901,-0.089962667713503,0.008));
#4283=CARTESIAN_POINT('',(0.087,-0.089962667713503,0.));
#4284=CARTESIAN_POINT('',(0.0901,-0.089962667713503,0.));
#4285=CARTESIAN_POINT('',(-0.087,-0.089962667713503,0.008));
#4286=CARTESIAN_POINT('',(-0.087,-0.089962667713503,0.008));
#4287=CARTESIAN_POINT('',(-0.0839,-0.089962667713503,0.008));
#4288=CARTESIAN_POINT('',(-0.087,-0.089962667713503,0.));
#4289=CARTESIAN_POINT('',(-0.0839,-0.089962667713503,0.));
#4290=CARTESIAN_POINT('',(0.087,-0.070462667713503,0.008));
#4291=CARTESIAN_POINT('',(0.087,-0.070462667713503,0.008));
#4292=CARTESIAN_POINT('',(0.08855,-0.070462667713503,0.008));
#4293=CARTESIAN_POINT('',(0.087,-0.070462667713503,0.));
#4294=CARTESIAN_POINT('',(0.08855,-0.070462667713503,0.));
#4295=CARTESIAN_POINT('',(-0.087,-0.070462667713503,0.008));
#4296=CARTESIAN_POINT('',(-0.087,-0.070462667713503,0.008));
#4297=CARTESIAN_POINT('',(-0.08545,-0.070462667713503,0.008));
#4298=CARTESIAN_POINT('',(-0.087,-0.070462667713503,0.));
#4299=CARTESIAN_POINT('',(-0.08545,-0.070462667713503,0.));
#4300=CARTESIAN_POINT('',(0.0985,0.00103733228649703,0.008));
#4301=CARTESIAN_POINT('',(0.0985,0.00103733228649703,0.008));
#4302=CARTESIAN_POINT('',(0.10055,0.00103733228649703,0.008));
#4303=CARTESIAN_POINT('',(0.0985,0.00103733228649703,0.));
#4304=CARTESIAN_POINT('',(0.10055,0.00103733228649703,0.));
#4305=CARTESIAN_POINT('',(-0.0985,0.00103733228649719,0.008));
#4306=CARTESIAN_POINT('',(-0.0985,0.00103733228649719,0.008));
#4307=CARTESIAN_POINT('',(-0.09645,0.00103733228649719,0.008));
#4308=CARTESIAN_POINT('',(-0.0985,0.00103733228649719,0.));
#4309=CARTESIAN_POINT('',(-0.09645,0.00103733228649719,0.));
#4310=CARTESIAN_POINT('',(0.0985,0.0320373322864971,0.008));
#4311=CARTESIAN_POINT('',(0.0985,0.0320373322864971,0.008));
#4312=CARTESIAN_POINT('',(0.10055,0.0320373322864971,0.008));
#4313=CARTESIAN_POINT('',(0.0985,0.0320373322864971,0.));
#4314=CARTESIAN_POINT('',(0.10055,0.0320373322864971,0.));
#4315=CARTESIAN_POINT('',(-0.0985,0.0320373322864971,0.008));
#4316=CARTESIAN_POINT('',(-0.0985,0.0320373322864971,0.008));
#4317=CARTESIAN_POINT('',(-0.09645,0.0320373322864971,0.008));
#4318=CARTESIAN_POINT('',(-0.0985,0.0320373322864971,0.));
#4319=CARTESIAN_POINT('',(-0.09645,0.0320373322864971,0.));
#4320=CARTESIAN_POINT('',(0.0675,0.0320373322864971,0.008));
#4321=CARTESIAN_POINT('',(0.0675,0.0320373322864971,0.008));
#4322=CARTESIAN_POINT('',(0.06955,0.0320373322864971,0.008));
#4323=CARTESIAN_POINT('',(0.0675,0.0320373322864971,0.));
#4324=CARTESIAN_POINT('',(0.06955,0.0320373322864971,0.));
#4325=CARTESIAN_POINT('',(-0.0675,0.0320373322864971,0.008));
#4326=CARTESIAN_POINT('',(-0.0675,0.0320373322864971,0.008));
#4327=CARTESIAN_POINT('',(-0.06545,0.0320373322864971,0.008));
#4328=CARTESIAN_POINT('',(-0.0675,0.0320373322864971,0.));
#4329=CARTESIAN_POINT('',(-0.06545,0.0320373322864971,0.));
#4330=CARTESIAN_POINT('',(0.0675,0.00103733228649703,0.008));
#4331=CARTESIAN_POINT('',(0.0675,0.00103733228649703,0.008));
#4332=CARTESIAN_POINT('',(0.06955,0.00103733228649703,0.008));
#4333=CARTESIAN_POINT('',(0.0675,0.00103733228649703,0.));
#4334=CARTESIAN_POINT('',(0.06955,0.00103733228649703,0.));
#4335=CARTESIAN_POINT('',(-0.0675,0.00103733228649708,0.008));
#4336=CARTESIAN_POINT('',(-0.0675,0.00103733228649708,0.008));
#4337=CARTESIAN_POINT('',(-0.06545,0.00103733228649708,0.008));
#4338=CARTESIAN_POINT('',(-0.0675,0.00103733228649708,0.));
#4339=CARTESIAN_POINT('',(-0.06545,0.00103733228649708,0.));
#4340=CARTESIAN_POINT('',(0.081,0.074537332286497,0.008));
#4341=CARTESIAN_POINT('',(0.081,0.074537332286497,0.008));
#4342=CARTESIAN_POINT('',(0.0851,0.074537332286497,0.008));
#4343=CARTESIAN_POINT('',(0.081,0.074537332286497,0.));
#4344=CARTESIAN_POINT('',(0.0851,0.074537332286497,0.));
#4345=CARTESIAN_POINT('',(-0.081,0.0745373322864971,0.008));
#4346=CARTESIAN_POINT('',(-0.081,0.0745373322864971,0.008));
#4347=CARTESIAN_POINT('',(-0.0769,0.0745373322864971,0.008));
#4348=CARTESIAN_POINT('',(-0.081,0.0745373322864971,0.));
#4349=CARTESIAN_POINT('',(-0.0769,0.0745373322864971,0.));
#4350=CARTESIAN_POINT('',(0.081,0.104537332286497,0.008));
#4351=CARTESIAN_POINT('',(0.081,0.104537332286497,0.008));
#4352=CARTESIAN_POINT('',(0.0851,0.104537332286497,0.008));
#4353=CARTESIAN_POINT('',(0.081,0.104537332286497,0.));
#4354=CARTESIAN_POINT('',(0.0851,0.104537332286497,0.));
#4355=CARTESIAN_POINT('',(-0.081,0.104537332286497,0.008));
#4356=CARTESIAN_POINT('',(-0.081,0.104537332286497,0.008));
#4357=CARTESIAN_POINT('',(-0.0769,0.104537332286497,0.008));
#4358=CARTESIAN_POINT('',(-0.081,0.104537332286497,0.));
#4359=CARTESIAN_POINT('',(-0.0769,0.104537332286497,0.));
#4360=CARTESIAN_POINT('',(0.08,0.089537332286497,0.008));
#4361=CARTESIAN_POINT('',(0.08,0.089537332286497,0.008));
#4362=CARTESIAN_POINT('',(0.0831,0.089537332286497,0.008));
#4363=CARTESIAN_POINT('',(0.08,0.089537332286497,0.));
#4364=CARTESIAN_POINT('',(0.0831,0.089537332286497,0.));
#4365=CARTESIAN_POINT('',(-0.08,0.089537332286497,0.008));
#4366=CARTESIAN_POINT('',(-0.08,0.089537332286497,0.008));
#4367=CARTESIAN_POINT('',(-0.0769,0.089537332286497,0.008));
#4368=CARTESIAN_POINT('',(-0.08,0.089537332286497,0.));
#4369=CARTESIAN_POINT('',(-0.0769,0.089537332286497,0.));
#4370=CARTESIAN_POINT('',(0.005,0.096537332286497,0.008));
#4371=CARTESIAN_POINT('',(0.005,0.096537332286497,0.008));
#4372=CARTESIAN_POINT('',(0.0068,0.096537332286497,0.008));
#4373=CARTESIAN_POINT('',(0.005,0.096537332286497,0.));
#4374=CARTESIAN_POINT('',(0.0068,0.096537332286497,0.));
#4375=CARTESIAN_POINT('',(-0.005,0.096537332286497,0.008));
#4376=CARTESIAN_POINT('',(-0.005,0.096537332286497,0.008));
#4377=CARTESIAN_POINT('',(-0.0032,0.096537332286497,0.008));
#4378=CARTESIAN_POINT('',(-0.005,0.096537332286497,0.));
#4379=CARTESIAN_POINT('',(-0.0032,0.096537332286497,0.));
#4380=CARTESIAN_POINT('',(0.053,-0.040462667713503,0.008));
#4381=CARTESIAN_POINT('',(0.053,-0.040462667713503,0.008));
#4382=CARTESIAN_POINT('',(0.0561,-0.040462667713503,0.008));
#4383=CARTESIAN_POINT('',(0.053,-0.040462667713503,0.));
#4384=CARTESIAN_POINT('',(0.0561,-0.040462667713503,0.));
#4385=CARTESIAN_POINT('',(-0.053,-0.040462667713503,0.008));
#4386=CARTESIAN_POINT('',(-0.053,-0.040462667713503,0.008));
#4387=CARTESIAN_POINT('',(-0.0499,-0.040462667713503,0.008));
#4388=CARTESIAN_POINT('',(-0.053,-0.040462667713503,0.));
#4389=CARTESIAN_POINT('',(-0.0499,-0.040462667713503,0.));
#4390=CARTESIAN_POINT('',(0.053,0.029537332286497,0.008));
#4391=CARTESIAN_POINT('',(0.053,0.029537332286497,0.008));
#4392=CARTESIAN_POINT('',(0.0561,0.029537332286497,0.008));
#4393=CARTESIAN_POINT('',(0.053,0.029537332286497,0.));
#4394=CARTESIAN_POINT('',(0.0561,0.029537332286497,0.));
#4395=CARTESIAN_POINT('',(-0.053,0.029537332286497,0.008));
#4396=CARTESIAN_POINT('',(-0.053,0.029537332286497,0.008));
#4397=CARTESIAN_POINT('',(-0.0499,0.029537332286497,0.008));
#4398=CARTESIAN_POINT('',(-0.053,0.029537332286497,0.));
#4399=CARTESIAN_POINT('',(-0.0499,0.029537332286497,0.));
#4400=CARTESIAN_POINT('',(0.0255,0.059037332286497,0.008));
#4401=CARTESIAN_POINT('',(0.0255,0.059037332286497,0.008));
#4402=CARTESIAN_POINT('',(0.02705,0.059037332286497,0.008));
#4403=CARTESIAN_POINT('',(0.0255,0.059037332286497,0.));
#4404=CARTESIAN_POINT('',(0.02705,0.059037332286497,0.));
#4405=CARTESIAN_POINT('',(0.0565,0.059037332286497,0.008));
#4406=CARTESIAN_POINT('',(0.0565,0.059037332286497,0.008));
#4407=CARTESIAN_POINT('',(0.05805,0.059037332286497,0.008));
#4408=CARTESIAN_POINT('',(0.0565,0.059037332286497,0.));
#4409=CARTESIAN_POINT('',(0.05805,0.059037332286497,0.));
#4410=CARTESIAN_POINT('',(0.0255,0.090037332286497,0.008));
#4411=CARTESIAN_POINT('',(0.0255,0.090037332286497,0.008));
#4412=CARTESIAN_POINT('',(0.02705,0.090037332286497,0.008));
#4413=CARTESIAN_POINT('',(0.0255,0.090037332286497,0.));
#4414=CARTESIAN_POINT('',(0.02705,0.090037332286497,0.));
#4415=CARTESIAN_POINT('',(0.0565,0.090037332286497,0.008));
#4416=CARTESIAN_POINT('',(0.0565,0.090037332286497,0.008));
#4417=CARTESIAN_POINT('',(0.05805,0.090037332286497,0.008));
#4418=CARTESIAN_POINT('',(0.0565,0.090037332286497,0.));
#4419=CARTESIAN_POINT('',(0.05805,0.090037332286497,0.));
#4420=CARTESIAN_POINT('',(-0.0565,0.0590373322864971,0.008));
#4421=CARTESIAN_POINT('',(-0.0565,0.0590373322864971,0.008));
#4422=CARTESIAN_POINT('',(-0.05495,0.0590373322864971,0.008));
#4423=CARTESIAN_POINT('',(-0.0565,0.0590373322864971,0.));
#4424=CARTESIAN_POINT('',(-0.05495,0.0590373322864971,0.));
#4425=CARTESIAN_POINT('',(-0.0255,0.0590373322864971,0.008));
#4426=CARTESIAN_POINT('',(-0.0255,0.0590373322864971,0.008));
#4427=CARTESIAN_POINT('',(-0.02395,0.0590373322864971,0.008));
#4428=CARTESIAN_POINT('',(-0.0255,0.0590373322864971,0.));
#4429=CARTESIAN_POINT('',(-0.02395,0.0590373322864971,0.));
#4430=CARTESIAN_POINT('',(-0.0565,0.090037332286497,0.008));
#4431=CARTESIAN_POINT('',(-0.0565,0.090037332286497,0.008));
#4432=CARTESIAN_POINT('',(-0.05495,0.090037332286497,0.008));
#4433=CARTESIAN_POINT('',(-0.0565,0.090037332286497,0.));
#4434=CARTESIAN_POINT('',(-0.05495,0.090037332286497,0.));
#4435=CARTESIAN_POINT('',(-0.0255,0.090037332286497,0.008));
#4436=CARTESIAN_POINT('',(-0.0255,0.090037332286497,0.008));
#4437=CARTESIAN_POINT('',(-0.02395,0.090037332286497,0.008));
#4438=CARTESIAN_POINT('',(-0.0255,0.090037332286497,0.));
#4439=CARTESIAN_POINT('',(-0.02395,0.090037332286497,0.));
#4440=CARTESIAN_POINT('',(-0.041,0.074537332286497,0.008));
#4441=CARTESIAN_POINT('',(-0.041,0.074537332286497,0.008));
#4442=CARTESIAN_POINT('',(-0.029,0.074537332286497,0.008));
#4443=CARTESIAN_POINT('',(-0.041,0.074537332286497,0.));
#4444=CARTESIAN_POINT('',(-0.029,0.074537332286497,0.));
#4445=CARTESIAN_POINT('',(-0.0565,-0.0759626677135029,0.008));
#4446=CARTESIAN_POINT('',(-0.0565,-0.0759626677135029,0.));
#4447=CARTESIAN_POINT('',(-0.0565,-0.0759626677135029,0.008));
#4448=CARTESIAN_POINT('',(-0.0255,-0.075962667713503,0.008));
#4449=CARTESIAN_POINT('',(-0.0255,-0.075962667713503,0.));
#4450=CARTESIAN_POINT('',(-0.0255,-0.075962667713503,0.008));
#4451=CARTESIAN_POINT('',(0.02705,-0.076962667713503,0.008));
#4452=CARTESIAN_POINT('',(0.02705,-0.076962667713503,0.));
#4453=CARTESIAN_POINT('',(0.02705,-0.076962667713503,0.008));
#4454=CARTESIAN_POINT('',(0.,0.00453733228649703,0.008));
#4455=CARTESIAN_POINT('',(0.,0.00453733228649703,0.));
#4456=MECHANICAL_DESIGN_GEOMETRIC_PRESENTATION_REPRESENTATION('',(#2615),
#4457);
#4457=(
GEOMETRIC_REPRESENTATION_CONTEXT(3)
GLOBAL_UNCERTAINTY_ASSIGNED_CONTEXT((#4458))
GLOBAL_UNIT_ASSIGNED_CONTEXT((#4461,#4460,#4459))
REPRESENTATION_CONTEXT('Part 1','TOP_LEVEL_ASSEMBLY_PART')
);
#4458=UNCERTAINTY_MEASURE_WITH_UNIT(LENGTH_MEASURE(1.E-8),#4461,
'DISTANCE_ACCURACY_VALUE','Maximum Tolerance applied to model');
#4459=(
NAMED_UNIT(*)
SI_UNIT($,.STERADIAN.)
SOLID_ANGLE_UNIT()
);
#4460=(
NAMED_UNIT(*)
PLANE_ANGLE_UNIT()
SI_UNIT($,.RADIAN.)
);
#4461=(
LENGTH_UNIT()
NAMED_UNIT(*)
SI_UNIT($,.METRE.)
);
#4462=PRODUCT_DEFINITION_SHAPE('','',#4463);
#4463=PRODUCT_DEFINITION('','',#4465,#4464);
#4464=PRODUCT_DEFINITION_CONTEXT('',#4471,'design');
#4465=PRODUCT_DEFINITION_FORMATION_WITH_SPECIFIED_SOURCE('','',#4467,
 .NOT_KNOWN.);
#4466=PRODUCT_RELATED_PRODUCT_CATEGORY('','',(#4467));
#4467=PRODUCT('Part 1','Part 1','Part 1',(#4469));
#4468=PRODUCT_CATEGORY('','');
#4469=PRODUCT_CONTEXT('',#4471,'mechanical');
#4470=APPLICATION_PROTOCOL_DEFINITION('international standard',
'ap242_managed_model_based_3d_engineering',2011,#4471);
#4471=APPLICATION_CONTEXT('managed model based 3d engineering');
ENDSEC;
END-ISO-10303-21;
